;ApSys air supply
0;1.00
1;1.00
2;1.00
3;1.00
4;1.00
5;1.00
6;1.00
7;1.02
8;1.04
9;4.32
10;14.14
11;17.51
12;12.33
13;9.83
14;12.27
15;14.67
16;13.49
17;7.51
18;3.22
19;1.25
20;1.01
21;1.00
22;1.00
23;1.00
24;1.00
25;1.00
26;1.00
27;1.00
28;1.00
29;1.00
30;1.00
31;1.00
32;1.00
33;1.11
34;3.12
35;4.91
36;1.87
37;1.00
38;2.35
39;3.45
40;2.49
41;1.25
42;1.00
43;1.00
44;1.00
45;1.00
46;1.00
47;1.00
48;1.00
49;1.00
50;1.00
51;1.00
52;1.00
53;1.00
54;1.00
55;1.00
56;1.00
57;1.00
58;1.02
59;1.16
60;1.10
61;1.01
62;1.04
63;1.11
64;1.09
65;1.03
66;1.00
67;1.00
68;1.00
69;1.00
70;1.00
71;1.00
72;1.00
73;1.00
74;1.00
75;1.00
76;1.00
77;1.00
78;1.00
79;1.02
80;1.03
81;2.72
82;11.02
83;13.47
84;11.46
85;9.82
86;10.96
87;12.32
88;12.08
89;7.30
90;3.25
91;1.27
92;1.01
93;1.00
94;1.00
95;1.00
96;1.00
97;1.00
98;1.00
99;1.00
100;1.00
101;1.00
102;1.00
103;1.02
104;1.04
105;4.37
106;14.18
107;17.52
108;12.33
109;9.82
110;12.28
111;14.68
112;13.49
113;7.49
114;3.20
115;1.24
116;1.01
117;1.00
118;1.00
119;1.00
120;1.00
121;1.00
122;1.00
123;1.00
124;1.00
125;1.00
126;1.00
127;1.02
128;1.04
129;4.33
130;12.13
131;13.77
132;11.55
133;9.84
134;10.97
135;12.33
136;12.09
137;7.30
138;3.24
139;1.26
140;1.01
141;1.00
142;1.00
143;1.00
144;1.00
145;1.00
146;1.00
147;1.00
148;1.00
149;1.00
150;1.00
151;1.02
152;1.04
153;4.29
154;12.07
155;13.60
156;11.44
157;9.83
158;10.92
159;12.21
160;11.99
161;7.27
162;3.25
163;1.27
164;1.01
165;1.00
166;1.00
167;1.00
168;1.00
169;1.00
170;1.00
171;1.00
172;1.00
173;1.00
174;1.00
175;1.02
176;1.04
177;4.31
178;14.12
179;17.51
180;12.33
181;9.83
182;12.27
183;14.66
184;13.49
185;7.53
186;3.24
187;1.27
188;1.01
189;1.00
190;1.00
191;1.00
192;1.00
193;1.00
194;1.00
195;1.00
196;1.00
197;1.00
198;1.00
199;1.00
200;1.00
201;1.10
202;3.11
203;4.90
204;1.89
205;1.00
206;2.34
207;3.44
208;2.50
209;1.26
210;1.00
211;1.00
212;1.00
213;1.00
214;1.00
215;1.00
216;1.00
217;1.00
218;1.00
219;1.00
220;1.00
221;1.00
222;1.00
223;1.00
224;1.00
225;1.00
226;1.02
227;1.16
228;1.11
229;1.01
230;1.04
231;1.11
232;1.09
233;1.03
234;1.00
235;1.00
236;1.00
237;1.00
238;1.00
239;1.00
240;1.00
241;1.00
242;1.00
243;1.00
244;1.00
245;1.00
246;1.00
247;1.02
248;1.03
249;2.74
250;11.04
251;13.48
252;11.47
253;9.82
254;10.96
255;12.32
256;12.09
257;7.30
258;3.24
259;1.27
260;1.01
261;1.00
262;1.00
263;1.00
264;1.00
265;1.00
266;1.00
267;1.00
268;1.00
269;1.00
270;1.00
271;1.02
272;1.04
273;4.30
274;14.11
275;17.50
276;12.33
277;9.83
278;12.27
279;14.66
280;13.49
281;7.53
282;3.25
283;1.27
284;1.01
285;1.00
286;1.00
287;1.00
288;1.00
289;1.00
290;1.00
291;1.00
292;1.00
293;1.00
294;1.00
295;1.02
296;1.04
297;4.32
298;12.11
299;13.77
300;11.55
301;9.84
302;10.97
303;12.32
304;12.09
305;7.29
306;3.23
307;1.26
308;1.01
309;1.00
310;1.00
311;1.00
312;1.00
313;1.00
314;1.00
315;1.00
316;1.00
317;1.00
318;1.00
319;1.02
320;1.04
321;4.34
322;12.11
323;13.61
324;11.45
325;9.82
326;10.93
327;12.23
328;12.00
329;7.25
330;3.21
331;1.25
332;1.01
333;1.00
334;1.00
335;1.00
336;1.00
337;1.00
338;1.00
339;1.00
340;1.00
341;1.00
342;1.00
343;1.02
344;1.04
345;4.33
346;14.15
347;17.51
348;12.33
349;9.82
350;12.27
351;14.67
352;13.49
353;7.52
354;3.23
355;1.26
356;1.01
357;1.00
358;1.00
359;1.00
360;1.00
361;1.00
362;1.00
363;1.00
364;1.00
365;1.00
366;1.00
367;1.00
368;1.00
369;1.10
370;3.11
371;4.90
372;1.89
373;1.00
374;2.34
375;3.44
376;2.50
377;1.26
378;1.00
379;1.00
380;1.00
381;1.00
382;1.00
383;1.00
384;1.00
385;1.00
386;1.00
387;1.00
388;1.00
389;1.00
390;1.00
391;1.00
392;1.00
393;1.00
394;1.02
395;1.16
396;1.11
397;1.01
398;1.04
399;1.11
400;1.09
401;1.03
402;1.00
403;1.00
404;1.00
405;1.00
406;1.00
407;1.00
408;1.00
409;1.00
410;1.00
411;1.00
412;1.00
413;1.00
414;1.00
415;1.02
416;1.03
417;2.73
418;11.03
419;13.47
420;11.47
421;9.82
422;10.96
423;12.32
424;12.09
425;7.29
426;3.24
427;1.26
428;1.01
429;1.00
430;1.00
431;1.00
432;1.00
433;1.00
434;1.00
435;1.00
436;1.00
437;1.00
438;1.00
439;1.02
440;1.04
441;4.34
442;14.15
443;17.52
444;12.33
445;9.82
446;12.28
447;14.68
448;13.49
449;7.49
450;3.20
451;1.24
452;1.01
453;1.00
454;1.00
455;1.00
456;1.00
457;1.00
458;1.00
459;1.00
460;1.00
461;1.00
462;1.00
463;1.02
464;1.04
465;4.27
466;12.08
467;13.76
468;11.55
469;9.84
470;10.96
471;12.32
472;12.08
473;7.30
474;3.25
475;1.27
476;1.01
477;1.00
478;1.00
479;1.00
480;1.00
481;1.00
482;1.00
483;1.00
484;1.00
485;1.00
486;1.00
487;1.02
488;1.04
489;4.33
490;12.09
491;13.61
492;11.44
493;9.82
494;10.93
495;12.22
496;12.00
497;7.26
498;3.22
499;1.26
500;1.01
501;1.00
502;1.00
503;1.00
504;1.00
505;1.00
506;1.00
507;1.00
508;1.00
509;1.00
510;1.00
511;1.02
512;1.04
513;4.31
514;14.13
515;17.51
516;12.33
517;9.82
518;12.27
519;14.67
520;13.49
521;7.50
522;3.20
523;1.24
524;1.01
525;1.00
526;1.00
527;1.00
528;1.00
529;1.00
530;1.00
531;1.00
532;1.00
533;1.00
534;1.00
535;1.00
536;1.00
537;1.11
538;3.13
539;4.91
540;1.87
541;1.00
542;2.35
543;3.45
544;2.49
545;1.25
546;1.00
547;1.00
548;1.00
549;1.00
550;1.00
551;1.00
552;1.00
553;1.00
554;1.00
555;1.00
556;1.00
557;1.00
558;1.00
559;1.00
560;1.00
561;1.00
562;1.02
563;1.16
564;1.10
565;1.01
566;1.04
567;1.11
568;1.09
569;1.03
570;1.00
571;1.00
572;1.00
573;1.00
574;1.00
575;1.00
576;1.00
577;1.00
578;1.00
579;1.00
580;1.00
581;1.00
582;1.00
583;1.02
584;1.03
585;2.71
586;10.99
587;13.46
588;11.46
589;9.82
590;10.96
591;12.31
592;12.08
593;7.31
594;3.27
595;1.28
596;1.01
597;1.00
598;1.00
599;1.00
600;1.00
601;1.00
602;1.00
603;1.00
604;1.00
605;1.00
606;1.00
607;1.02
608;1.04
609;4.26
610;14.07
611;17.49
612;12.33
613;9.83
614;12.26
615;14.65
616;13.49
617;7.54
618;3.27
619;1.28
620;1.01
621;1.00
622;1.00
623;1.00
624;1.00
625;1.00
626;1.00
627;1.00
628;1.00
629;1.00
630;1.00
631;1.02
632;1.04
633;4.30
634;12.09
635;13.76
636;11.55
637;9.84
638;10.96
639;12.32
640;12.08
641;7.30
642;3.25
643;1.27
644;1.01
645;1.00
646;1.00
647;1.00
648;1.00
649;1.00
650;1.00
651;1.00
652;1.00
653;1.00
654;1.00
655;1.02
656;1.04
657;4.31
658;12.09
659;13.61
660;11.44
661;9.82
662;10.93
663;12.22
664;12.00
665;7.26
666;3.23
667;1.26
668;1.01
669;1.00
670;1.00
671;1.00
672;1.00
673;1.00
674;1.00
675;1.00
676;1.00
677;1.00
678;1.00
679;1.02
680;1.04
681;4.35
682;14.16
683;17.52
684;12.33
685;9.82
686;12.27
687;14.67
688;13.49
689;7.50
690;3.21
691;1.25
692;1.01
693;1.00
694;1.00
695;1.00
696;1.00
697;1.00
698;1.00
699;1.00
700;1.00
701;1.00
702;1.00
703;1.00
704;1.00
705;1.10
706;3.12
707;4.91
708;1.88
709;1.00
710;2.34
711;3.45
712;2.49
713;1.26
714;1.00
715;1.00
716;1.00
717;1.00
718;1.00
719;1.00
720;1.00
721;1.00
722;1.00
723;1.00
724;1.00
725;1.00
726;1.00
727;1.00
728;1.00
729;1.00
730;1.02
731;1.16
732;1.10
733;1.01
734;1.04
735;1.11
736;1.09
737;1.03
738;1.00
739;1.00
740;1.00
741;1.00
742;1.00
743;1.00
744;1.00
745;1.00
746;1.00
747;1.00
748;1.00
749;1.00
750;1.00
751;1.02
752;1.03
753;2.64
754;10.88
755;13.42
756;11.45
757;9.82
758;10.94
759;12.30
760;12.07
761;7.32
762;3.29
763;1.29
764;1.01
765;1.00
766;1.00
767;1.00
768;1.00
769;1.00
770;1.00
771;1.00
772;1.00
773;1.00
774;1.00
775;1.02
776;1.04
777;4.25
778;14.04
779;17.49
780;12.33
781;9.83
782;12.25
783;14.64
784;13.48
785;7.55
786;3.29
787;1.30
788;1.01
789;1.00
790;1.00
791;1.00
792;1.00
793;1.00
794;1.00
795;1.00
796;1.00
797;1.00
798;1.00
799;1.02
800;1.04
801;4.25
802;12.04
803;13.75
804;11.54
805;9.84
806;10.95
807;12.30
808;12.07
809;7.31
810;3.28
811;1.29
812;1.01
813;1.00
814;1.00
815;1.00
816;1.00
817;1.00
818;1.00
819;1.00
820;1.00
821;1.00
822;1.00
823;1.02
824;1.04
825;4.28
826;12.06
827;13.60
828;11.44
829;9.83
830;10.92
831;12.21
832;11.99
833;7.27
834;3.25
835;1.27
836;1.01
837;1.00
838;1.00
839;1.00
840;1.00
841;1.00
842;1.00
843;1.00
844;1.00
845;1.00
846;1.00
847;1.02
848;1.04
849;4.31
850;14.13
851;17.51
852;12.33
853;9.83
854;12.27
855;14.66
856;13.49
857;7.52
858;3.24
859;1.27
860;1.01
861;1.00
862;1.00
863;1.00
864;1.00
865;1.00
866;1.00
867;1.00
868;1.00
869;1.00
870;1.00
871;1.00
872;1.00
873;1.10
874;3.11
875;4.91
876;1.89
877;1.00
878;2.34
879;3.44
880;2.49
881;1.26
882;1.00
883;1.00
884;1.00
885;1.00
886;1.00
887;1.00
888;1.00
889;1.00
890;1.00
891;1.00
892;1.00
893;1.00
894;1.00
895;1.00
896;1.00
897;1.00
898;1.02
899;1.16
900;1.10
901;1.01
902;1.04
903;1.11
904;1.09
905;1.03
906;1.00
907;1.00
908;1.00
909;1.00
910;1.00
911;1.00
912;1.00
913;1.00
914;1.00
915;1.00
916;1.00
917;1.00
918;1.00
919;1.02
920;1.03
921;2.76
922;11.08
923;13.49
924;11.47
925;9.82
926;10.96
927;12.33
928;12.09
929;7.29
930;3.22
931;1.25
932;1.01
933;1.00
934;1.00
935;1.00
936;1.00
937;1.00
938;1.00
939;1.00
940;1.00
941;1.00
942;1.00
943;1.02
944;1.04
945;4.34
946;14.16
947;17.52
948;12.33
949;9.83
950;12.27
951;14.67
952;13.49
953;7.51
954;3.23
955;1.26
956;1.01
957;1.00
958;1.00
959;1.00
960;1.00
961;1.00
962;1.00
963;1.00
964;1.00
965;1.00
966;1.00
967;1.02
968;1.04
969;4.33
970;12.12
971;13.77
972;11.55
973;9.84
974;10.97
975;12.33
976;12.09
977;7.30
978;3.24
979;1.26
980;1.01
981;1.00
982;1.00
983;1.00
984;1.00
985;1.00
986;1.00
987;1.00
988;1.00
989;1.00
990;1.00
991;1.02
992;1.04
993;4.28
994;12.06
995;13.60
996;11.44
997;9.83
998;10.92
999;12.21
1000;11.99
1001;7.28
1002;3.27
1003;1.28
1004;1.01
1005;1.00
1006;1.00
1007;1.00
1008;1.00
1009;1.00
1010;1.00
1011;1.00
1012;1.00
1013;1.00
1014;1.00
1015;1.02
1016;1.04
1017;4.25
1018;14.05
1019;17.49
1020;12.33
1021;9.83
1022;12.25
1023;14.64
1024;13.48
1025;7.55
1026;3.28
1027;1.29
1028;1.01
1029;1.00
1030;1.00
1031;1.00
1032;1.00
1033;1.00
1034;1.00
1035;1.00
1036;1.00
1037;1.00
1038;1.00
1039;1.00
1040;1.00
1041;1.10
1042;3.10
1043;4.90
1044;1.90
1045;1.00
1046;2.34
1047;3.44
1048;2.50
1049;1.26
1050;1.00
1051;1.00
1052;1.00
1053;1.00
1054;1.00
1055;1.00
1056;1.00
1057;1.00
1058;1.00
1059;1.00
1060;1.00
1061;1.00
1062;1.00
1063;1.00
1064;1.00
1065;1.00
1066;1.02
1067;1.16
1068;1.11
1069;1.01
1070;1.04
1071;1.11
1072;1.09
1073;1.03
1074;1.00
1075;1.00
1076;1.00
1077;1.00
1078;1.00
1079;1.00
1080;1.00
1081;1.00
1082;1.00
1083;1.00
1084;1.00
1085;1.00
1086;1.00
1087;1.02
1088;1.03
1089;2.69
1090;10.96
1091;13.45
1092;11.46
1093;9.82
1094;10.95
1095;12.31
1096;12.08
1097;7.31
1098;3.26
1099;1.28
1100;1.01
1101;1.00
1102;1.00
1103;1.00
1104;1.00
1105;1.00
1106;1.00
1107;1.00
1108;1.00
1109;1.00
1110;1.00
1111;1.02
1112;1.04
1113;4.33
1114;14.14
1115;17.51
1116;12.33
1117;9.83
1118;12.27
1119;14.66
1120;13.49
1121;7.52
1122;3.24
1123;1.27
1124;1.01
1125;1.00
1126;1.00
1127;1.00
1128;1.00
1129;1.00
1130;1.00
1131;1.00
1132;1.00
1133;1.00
1134;1.00
1135;1.02
1136;1.04
1137;4.31
1138;12.11
1139;13.77
1140;11.55
1141;9.84
1142;10.97
1143;12.32
1144;12.09
1145;7.30
1146;3.25
1147;1.27
1148;1.01
1149;1.00
1150;1.00
1151;1.00
1152;1.00
1153;1.00
1154;1.00
1155;1.00
1156;1.00
1157;1.00
1158;1.00
1159;1.02
1160;1.04
1161;4.30
1162;12.08
1163;13.60
1164;11.44
1165;9.83
1166;10.92
1167;12.22
1168;11.99
1169;7.27
1170;3.24
1171;1.27
1172;1.01
1173;1.00
1174;1.00
1175;1.00
1176;1.00
1177;1.00
1178;1.00
1179;1.00
1180;1.00
1181;1.00
1182;1.00
1183;1.02
1184;1.04
1185;4.32
1186;14.14
1187;17.51
1188;12.33
1189;9.83
1190;12.27
1191;14.67
1192;13.49
1193;7.51
1194;3.22
1195;1.26
1196;1.01
1197;1.00
1198;1.00
1199;1.00
1200;1.00
1201;1.00
1202;1.00
1203;1.00
1204;1.00
1205;1.00
1206;1.00
1207;1.00
1208;1.00
1209;1.10
1210;3.11
1211;4.91
1212;1.89
1213;1.00
1214;2.34
1215;3.44
1216;2.50
1217;1.26
1218;1.00
1219;1.00
1220;1.00
1221;1.00
1222;1.00
1223;1.00
1224;1.00
1225;1.00
1226;1.00
1227;1.00
1228;1.00
1229;1.00
1230;1.00
1231;1.00
1232;1.00
1233;1.00
1234;1.02
1235;1.16
1236;1.10
1237;1.01
1238;1.04
1239;1.11
1240;1.09
1241;1.03
1242;1.00
1243;1.00
1244;1.00
1245;1.00
1246;1.00
1247;1.00
1248;1.00
1249;1.00
1250;1.00
1251;1.00
1252;1.00
1253;1.00
1254;1.00
1255;1.02
1256;1.03
1257;2.80
1258;11.14
1259;13.51
1260;11.48
1261;9.81
1262;10.96
1263;12.33
1264;12.09
1265;7.29
1266;3.22
1267;1.25
1268;1.01
1269;1.00
1270;1.00
1271;1.00
1272;1.00
1273;1.00
1274;1.00
1275;1.00
1276;1.00
1277;1.00
1278;1.00
1279;1.02
1280;1.04
1281;4.31
1282;14.13
1283;17.51
1284;12.33
1285;9.83
1286;12.27
1287;14.66
1288;13.49
1289;7.52
1290;3.24
1291;1.26
1292;1.01
1293;1.00
1294;1.00
1295;1.00
1296;1.00
1297;1.00
1298;1.00
1299;1.00
1300;1.00
1301;1.00
1302;1.00
1303;1.02
1304;1.04
1305;4.32
1306;12.12
1307;13.77
1308;11.55
1309;9.84
1310;10.97
1311;12.32
1312;12.09
1313;7.30
1314;3.24
1315;1.27
1316;1.01
1317;1.00
1318;1.00
1319;1.00
1320;1.00
1321;1.00
1322;1.00
1323;1.00
1324;1.00
1325;1.00
1326;1.00
1327;1.02
1328;1.04
1329;4.27
1330;12.06
1331;13.60
1332;11.44
1333;9.83
1334;10.92
1335;12.21
1336;11.99
1337;7.27
1338;3.25
1339;1.27
1340;1.01
1341;1.00
1342;1.00
1343;1.00
1344;1.00
1345;1.00
1346;1.00
1347;1.00
1348;1.00
1349;1.00
1350;1.00
1351;1.02
1352;1.04
1353;4.30
1354;14.11
1355;17.50
1356;12.33
1357;9.83
1358;12.27
1359;14.66
1360;13.49
1361;7.52
1362;3.23
1363;1.26
1364;1.01
1365;1.00
1366;1.00
1367;1.00
1368;1.00
1369;1.00
1370;1.00
1371;1.00
1372;1.00
1373;1.00
1374;1.00
1375;1.00
1376;1.00
1377;1.10
1378;3.11
1379;4.91
1380;1.88
1381;1.00
1382;2.34
1383;3.44
1384;2.49
1385;1.26
1386;1.00
1387;1.00
1388;1.00
1389;1.00
1390;1.00
1391;1.00
1392;1.00
1393;1.00
1394;1.00
1395;1.00
1396;1.00
1397;1.00
1398;1.00
1399;1.00
1400;1.00
1401;1.00
1402;1.02
1403;1.16
1404;1.11
1405;1.01
1406;1.04
1407;1.11
1408;1.09
1409;1.03
1410;1.00
1411;1.00
1412;1.00
1413;1.00
1414;1.00
1415;1.00
1416;1.00
1417;1.00
1418;1.00
1419;1.00
1420;1.00
1421;1.00
1422;1.00
1423;1.02
1424;1.03
1425;2.73
1426;11.03
1427;13.47
1428;11.47
1429;9.82
1430;10.96
1431;12.32
1432;12.08
1433;7.30
1434;3.25
1435;1.27
1436;1.01
1437;1.00
1438;1.00
1439;1.00
1440;1.00
1441;1.00
1442;1.00
1443;1.00
1444;1.00
1445;1.00
1446;1.00
1447;1.02
1448;1.04
1449;4.26
1450;14.07
1451;17.49
1452;12.33
1453;9.83
1454;12.26
1455;14.65
1456;13.48
1457;7.54
1458;3.27
1459;1.29
1460;1.01
1461;1.00
1462;1.00
1463;1.00
1464;1.00
1465;1.00
1466;1.00
1467;1.00
1468;1.00
1469;1.00
1470;1.00
1471;1.02
1472;1.04
1473;4.25
1474;12.05
1475;13.75
1476;11.54
1477;9.84
1478;10.96
1479;12.31
1480;12.08
1481;7.31
1482;3.27
1483;1.28
1484;1.01
1485;1.00
1486;1.00
1487;1.00
1488;1.00
1489;1.00
1490;1.00
1491;1.00
1492;1.00
1493;1.00
1494;1.00
1495;1.02
1496;1.04
1497;4.25
1498;12.03
1499;13.59
1500;11.44
1501;9.83
1502;10.92
1503;12.20
1504;11.99
1505;7.28
1506;3.27
1507;1.28
1508;1.01
1509;1.00
1510;1.00
1511;1.00
1512;1.00
1513;1.00
1514;1.00
1515;1.00
1516;1.00
1517;1.00
1518;1.00
1519;1.02
1520;1.04
1521;4.24
1522;14.04
1523;17.49
1524;12.33
1525;9.83
1526;12.26
1527;14.65
1528;13.48
1529;7.53
1530;3.27
1531;1.28
1532;1.01
1533;1.00
1534;1.00
1535;1.00
1536;1.00
1537;1.00
1538;1.00
1539;1.00
1540;1.00
1541;1.00
1542;1.00
1543;1.00
1544;1.00
1545;1.10
1546;3.11
1547;4.90
1548;1.89
1549;1.00
1550;2.34
1551;3.44
1552;2.50
1553;1.26
1554;1.00
1555;1.00
1556;1.00
1557;1.00
1558;1.00
1559;1.00
1560;1.00
1561;1.00
1562;1.00
1563;1.00
1564;1.00
1565;1.00
1566;1.00
1567;1.00
1568;1.00
1569;1.00
1570;1.02
1571;1.16
1572;1.11
1573;1.01
1574;1.04
1575;1.11
1576;1.09
1577;1.03
1578;1.00
1579;1.00
1580;1.00
1581;1.00
1582;1.00
1583;1.00
1584;1.00
1585;1.00
1586;1.00
1587;1.00
1588;1.00
1589;1.00
1590;1.00
1591;1.02
1592;1.03
1593;2.69
1594;10.97
1595;13.45
1596;11.46
1597;9.82
1598;10.96
1599;12.32
1600;12.08
1601;7.30
1602;3.25
1603;1.27
1604;1.01
1605;1.00
1606;1.00
1607;1.00
1608;1.00
1609;1.00
1610;1.00
1611;1.00
1612;1.00
1613;1.00
1614;1.00
1615;1.02
1616;1.04
1617;4.29
1618;14.10
1619;17.50
1620;12.33
1621;9.83
1622;12.26
1623;14.65
1624;13.49
1625;7.53
1626;3.25
1627;1.27
1628;1.01
1629;1.00
1630;1.00
1631;1.00
1632;1.00
1633;1.00
1634;1.00
1635;1.00
1636;1.00
1637;1.00
1638;1.00
1639;1.02
1640;1.04
1641;4.28
1642;12.08
1643;13.76
1644;11.54
1645;9.84
1646;10.96
1647;12.32
1648;12.08
1649;7.30
1650;3.25
1651;1.27
1652;1.01
1653;1.00
1654;1.00
1655;1.00
1656;1.00
1657;1.00
1658;1.00
1659;1.00
1660;1.00
1661;1.00
1662;1.00
1663;1.02
1664;1.04
1665;4.28
1666;12.06
1667;13.60
1668;11.44
1669;9.83
1670;10.92
1671;12.21
1672;11.99
1673;7.27
1674;3.26
1675;1.28
1676;1.01
1677;1.00
1678;1.00
1679;1.00
1680;1.00
1681;1.00
1682;1.00
1683;1.00
1684;1.00
1685;1.00
1686;1.00
1687;1.02
1688;1.04
1689;4.26
1690;14.06
1691;17.49
1692;12.33
1693;9.83
1694;12.26
1695;14.65
1696;13.49
1697;7.53
1698;3.26
1699;1.28
1700;1.01
1701;1.00
1702;1.00
1703;1.00
1704;1.00
1705;1.00
1706;1.00
1707;1.00
1708;1.00
1709;1.00
1710;1.00
1711;1.00
1712;1.00
1713;1.10
1714;3.11
1715;4.90
1716;1.89
1717;1.00
1718;2.34
1719;3.44
1720;2.49
1721;1.26
1722;1.00
1723;1.00
1724;1.00
1725;1.00
1726;1.00
1727;1.00
1728;1.00
1729;1.00
1730;1.00
1731;1.00
1732;1.00
1733;1.00
1734;1.00
1735;1.00
1736;1.00
1737;1.00
1738;1.02
1739;1.16
1740;1.10
1741;1.01
1742;1.04
1743;1.11
1744;1.09
1745;1.03
1746;1.00
1747;1.00
1748;1.00
1749;1.00
1750;1.00
1751;1.00
1752;1.00
1753;1.00
1754;1.00
1755;1.00
1756;1.00
1757;1.00
1758;1.00
1759;1.02
1760;1.03
1761;2.78
1762;11.10
1763;13.49
1764;11.48
1765;9.82
1766;10.96
1767;12.33
1768;12.09
1769;7.29
1770;3.23
1771;1.26
1772;1.01
1773;1.00
1774;1.00
1775;1.00
1776;1.00
1777;1.00
1778;1.00
1779;1.00
1780;1.00
1781;1.00
1782;1.00
1783;1.02
1784;1.04
1785;4.28
1786;14.10
1787;17.50
1788;12.33
1789;9.83
1790;12.27
1791;14.66
1792;13.49
1793;7.52
1794;3.24
1795;1.27
1796;1.01
1797;1.00
1798;1.00
1799;1.00
1800;1.00
1801;1.00
1802;1.00
1803;1.00
1804;1.00
1805;1.00
1806;1.00
1807;1.02
1808;1.04
1809;4.29
1810;12.09
1811;13.76
1812;11.55
1813;9.84
1814;10.97
1815;12.32
1816;12.09
1817;7.30
1818;3.24
1819;1.26
1820;1.01
1821;1.00
1822;1.00
1823;1.00
1824;1.00
1825;1.00
1826;1.00
1827;1.00
1828;1.00
1829;1.00
1830;1.00
1831;1.02
1832;1.04
1833;4.30
1834;12.08
1835;13.60
1836;11.44
1837;9.83
1838;10.92
1839;12.22
1840;11.99
1841;7.27
1842;3.24
1843;1.27
1844;1.01
1845;1.00
1846;1.00
1847;1.00
1848;1.00
1849;1.00
1850;1.00
1851;1.00
1852;1.00
1853;1.00
1854;1.00
1855;1.02
1856;1.04
1857;4.32
1858;14.14
1859;17.51
1860;12.33
1861;9.83
1862;12.27
1863;14.66
1864;13.49
1865;7.52
1866;3.23
1867;1.26
1868;1.01
1869;1.00
1870;1.00
1871;1.00
1872;1.00
1873;1.00
1874;1.00
1875;1.00
1876;1.00
1877;1.00
1878;1.00
1879;1.00
1880;1.00
1881;1.10
1882;3.11
1883;4.91
1884;1.89
1885;1.00
1886;2.34
1887;3.44
1888;2.49
1889;1.26
1890;1.00
1891;1.00
1892;1.00
1893;1.00
1894;1.00
1895;1.00
1896;1.00
1897;1.00
1898;1.00
1899;1.00
1900;1.00
1901;1.00
1902;1.00
1903;1.00
1904;1.00
1905;1.00
1906;1.02
1907;1.16
1908;1.10
1909;1.01
1910;1.04
1911;1.11
1912;1.09
1913;1.03
1914;1.00
1915;1.00
1916;1.00
1917;1.00
1918;1.00
1919;1.00
1920;1.00
1921;1.00
1922;1.00
1923;1.00
1924;1.00
1925;1.00
1926;1.00
1927;1.02
1928;1.03
1929;2.78
1930;11.11
1931;13.50
1932;11.48
1933;9.81
1934;10.96
1935;12.33
1936;12.09
1937;7.28
1938;3.21
1939;1.25
1940;1.01
1941;1.00
1942;1.00
1943;1.00
1944;1.00
1945;1.00
1946;1.00
1947;1.00
1948;1.00
1949;1.00
1950;1.00
1951;1.02
1952;1.04
1953;4.33
1954;14.15
1955;17.52
1956;12.33
1957;9.82
1958;12.28
1959;14.68
1960;13.49
1961;7.48
1962;3.18
1963;1.23
1964;1.01
1965;1.00
1966;1.00
1967;1.00
1968;1.00
1969;1.00
1970;1.00
1971;1.00
1972;1.00
1973;1.00
1974;1.00
1975;1.02
1976;1.04
1977;4.38
1978;12.17
1979;13.79
1980;11.56
1981;9.82
1982;10.97
1983;12.34
1984;12.09
1985;7.27
1986;3.20
1987;1.24
1988;1.01
1989;1.00
1990;1.00
1991;1.00
1992;1.00
1993;1.00
1994;1.00
1995;1.00
1996;1.00
1997;1.00
1998;1.00
1999;1.02
2000;1.04
2001;4.32
2002;12.10
2003;13.61
2004;11.45
2005;9.82
2006;10.93
2007;12.23
2008;12.00
2009;7.24
2010;3.20
2011;1.24
2012;1.01
2013;1.00
2014;1.00
2015;1.00
2016;1.00
2017;1.00
2018;1.00
2019;1.00
2020;1.00
2021;1.00
2022;1.00
2023;1.02
2024;1.04
2025;4.32
2026;14.15
2027;17.52
2028;12.33
2029;9.82
2030;12.27
2031;14.67
2032;13.49
2033;7.51
2034;3.22
2035;1.26
2036;1.01
2037;1.00
2038;1.00
2039;1.00
2040;1.00
2041;1.00
2042;1.00
2043;1.00
2044;1.00
2045;1.00
2046;1.00
2047;1.00
2048;1.00
2049;1.11
2050;3.12
2051;4.91
2052;1.88
2053;1.00
2054;2.35
2055;3.45
2056;2.49
2057;1.25
2058;1.00
2059;1.00
2060;1.00
2061;1.00
2062;1.00
2063;1.00
2064;1.00
2065;1.00
2066;1.00
2067;1.00
2068;1.00
2069;1.00
2070;1.00
2071;1.00
2072;1.00
2073;1.00
2074;1.02
2075;1.16
2076;1.10
2077;1.01
2078;1.04
2079;1.11
2080;1.09
2081;1.03
2082;1.00
2083;1.00
2084;1.00
2085;1.00
2086;1.00
2087;1.00
2088;1.00
2089;1.00
2090;1.00
2091;1.00
2092;1.00
2093;1.00
2094;1.00
2095;1.02
2096;1.03
2097;2.75
2098;11.06
2099;13.48
2100;11.47
2101;9.82
2102;10.96
2103;12.32
2104;12.09
2105;7.29
2106;3.23
2107;1.26
2108;1.01
2109;1.00
2110;1.00
2111;1.00
2112;1.00
2113;1.00
2114;1.00
2115;1.00
2116;1.00
2117;1.00
2118;1.00
2119;1.02
2120;1.04
2121;4.34
2122;14.16
2123;17.52
2124;12.33
2125;9.82
2126;12.27
2127;14.67
2128;13.49
2129;7.50
2130;3.21
2131;1.25
2132;1.01
2133;1.00
2134;1.00
2135;1.00
2136;1.00
2137;1.00
2138;1.00
2139;1.00
2140;1.00
2141;1.00
2142;1.00
2143;1.02
2144;1.04
2145;4.35
2146;12.15
2147;13.78
2148;11.56
2149;9.83
2150;10.97
2151;12.34
2152;12.09
2153;7.27
2154;3.19
2155;1.24
2156;1.01
2157;1.00
2158;1.00
2159;1.00
2160;1.00
2161;1.00
2162;1.00
2163;1.00
2164;1.00
2165;1.00
2166;1.00
2167;1.02
2168;1.04
2169;4.31
2170;12.09
2171;13.61
2172;11.45
2173;9.82
2174;10.93
2175;12.22
2176;12.00
2177;7.25
2178;3.21
2179;1.25
2180;1.01
2181;1.00
2182;1.00
2183;1.00
2184;1.00
2185;1.00
2186;1.00
2187;1.00
2188;1.00
2189;1.00
2190;1.00
2191;1.02
2192;1.04
2193;4.30
2194;14.13
2195;17.51
2196;12.33
2197;9.83
2198;12.27
2199;14.66
2200;13.49
2201;7.52
2202;3.23
2203;1.26
2204;1.01
2205;1.00
2206;1.00
2207;1.00
2208;1.00
2209;1.00
2210;1.00
2211;1.00
2212;1.00
2213;1.00
2214;1.00
2215;1.00
2216;1.00
2217;1.10
2218;3.11
2219;4.91
2220;1.89
2221;1.00
2222;2.34
2223;3.44
2224;2.49
2225;1.26
2226;1.00
2227;1.00
2228;1.00
2229;1.00
2230;1.00
2231;1.00
2232;1.00
2233;1.00
2234;1.00
2235;1.00
2236;1.00
2237;1.00
2238;1.00
2239;1.00
2240;1.00
2241;1.00
2242;1.02
2243;1.16
2244;1.10
2245;1.01
2246;1.04
2247;1.11
2248;1.09
2249;1.03
2250;1.00
2251;1.00
2252;1.00
2253;1.00
2254;1.00
2255;1.00
2256;1.00
2257;1.00
2258;1.00
2259;1.00
2260;1.00
2261;1.00
2262;1.00
2263;1.02
2264;1.03
2265;2.82
2266;11.17
2267;13.52
2268;11.49
2269;9.81
2270;10.97
2271;12.34
2272;12.09
2273;7.26
2274;3.18
2275;1.23
2276;1.01
2277;1.00
2278;1.00
2279;1.00
2280;1.00
2281;1.00
2282;1.00
2283;1.00
2284;1.00
2285;1.00
2286;1.00
2287;1.02
2288;1.04
2289;4.35
2290;14.19
2291;17.52
2292;12.33
2293;9.82
2294;12.28
2295;14.68
2296;13.49
2297;7.49
2298;3.19
2299;1.24
2300;1.01
2301;1.00
2302;1.00
2303;1.00
2304;1.00
2305;1.00
2306;1.00
2307;1.00
2308;1.00
2309;1.00
2310;1.00
2311;1.02
2312;1.04
2313;4.33
2314;12.14
2315;13.78
2316;11.55
2317;9.83
2318;10.97
2319;12.34
2320;12.09
2321;7.27
2322;3.19
2323;1.24
2324;1.01
2325;1.00
2326;1.00
2327;1.00
2328;1.00
2329;1.00
2330;1.00
2331;1.00
2332;1.00
2333;1.00
2334;1.00
2335;1.02
2336;1.04
2337;4.36
2338;12.14
2339;13.62
2340;11.45
2341;9.81
2342;10.93
2343;12.23
2344;12.00
2345;7.23
2346;3.18
2347;1.23
2348;1.01
2349;1.00
2350;1.00
2351;1.00
2352;1.00
2353;1.00
2354;1.00
2355;1.00
2356;1.00
2357;1.00
2358;1.00
2359;1.02
2360;1.04
2361;4.36
2362;14.19
2363;17.52
2364;12.33
2365;9.82
2366;12.28
2367;14.68
2368;13.49
2369;7.49
2370;3.20
2371;1.24
2372;1.01
2373;1.00
2374;1.00
2375;1.00
2376;1.00
2377;1.00
2378;1.00
2379;1.00
2380;1.00
2381;1.00
2382;1.00
2383;1.00
2384;1.00
2385;1.10
2386;3.11
2387;4.91
2388;1.88
2389;1.00
2390;2.34
2391;3.44
2392;2.49
2393;1.26
2394;1.00
2395;1.00
2396;1.00
2397;1.00
2398;1.00
2399;1.00
2400;1.00
2401;1.00
2402;1.00
2403;1.00
2404;1.00
2405;1.00
2406;1.00
2407;1.00
2408;1.00
2409;1.00
2410;1.02
2411;1.16
2412;1.10
2413;1.01
2414;1.04
2415;1.11
2416;1.09
2417;1.03
2418;1.00
2419;1.00
2420;1.00
2421;1.00
2422;1.00
2423;1.00
2424;1.00
2425;1.00
2426;1.00
2427;1.00
2428;1.00
2429;1.00
2430;1.00
2431;1.02
2432;1.03
2433;2.78
2434;11.12
2435;13.50
2436;11.48
2437;9.81
2438;10.96
2439;12.33
2440;12.09
2441;7.29
2442;3.22
2443;1.26
2444;1.01
2445;1.00
2446;1.00
2447;1.00
2448;1.00
2449;1.00
2450;1.00
2451;1.00
2452;1.00
2453;1.00
2454;1.00
2455;1.02
2456;1.04
2457;4.35
2458;14.17
2459;17.52
2460;12.33
2461;9.82
2462;12.28
2463;14.67
2464;13.49
2465;7.49
2466;3.20
2467;1.24
2468;1.01
2469;1.00
2470;1.00
2471;1.00
2472;1.00
2473;1.00
2474;1.00
2475;1.00
2476;1.00
2477;1.00
2478;1.00
2479;1.02
2480;1.04
2481;4.35
2482;12.15
2483;13.78
2484;11.55
2485;9.83
2486;10.97
2487;12.33
2488;12.09
2489;7.28
2490;3.21
2491;1.25
2492;1.01
2493;1.00
2494;1.00
2495;1.00
2496;1.00
2497;1.00
2498;1.00
2499;1.00
2500;1.00
2501;1.00
2502;1.00
2503;1.02
2504;1.04
2505;4.28
2506;12.07
2507;13.60
2508;11.44
2509;9.83
2510;10.92
2511;12.21
2512;11.99
2513;7.27
2514;3.25
2515;1.27
2516;1.01
2517;1.00
2518;1.00
2519;1.00
2520;1.00
2521;1.00
2522;1.00
2523;1.00
2524;1.00
2525;1.00
2526;1.00
2527;1.02
2528;1.04
2529;4.28
2530;14.09
2531;17.50
2532;12.33
2533;9.83
2534;12.26
2535;14.66
2536;13.49
2537;7.53
2538;3.25
2539;1.27
2540;1.01
2541;1.00
2542;1.00
2543;1.00
2544;1.00
2545;1.00
2546;1.00
2547;1.00
2548;1.00
2549;1.00
2550;1.00
2551;1.00
2552;1.00
2553;1.10
2554;3.10
2555;4.90
2556;1.89
2557;1.00
2558;2.34
2559;3.44
2560;2.50
2561;1.26
2562;1.00
2563;1.00
2564;1.00
2565;1.00
2566;1.00
2567;1.00
2568;1.00
2569;1.00
2570;1.00
2571;1.00
2572;1.00
2573;1.00
2574;1.00
2575;1.00
2576;1.00
2577;1.00
2578;1.02
2579;1.16
2580;1.11
2581;1.01
2582;1.04
2583;1.11
2584;1.09
2585;1.03
2586;1.00
2587;1.00
2588;1.00
2589;1.00
2590;1.00
2591;1.00
2592;1.00
2593;1.00
2594;1.00
2595;1.00
2596;1.00
2597;1.00
2598;1.00
2599;1.02
2600;1.03
2601;2.73
2602;11.03
2603;13.47
2604;11.47
2605;9.82
2606;10.96
2607;12.32
2608;12.08
2609;7.29
2610;3.23
2611;1.26
2612;1.01
2613;1.00
2614;1.00
2615;1.00
2616;1.00
2617;1.00
2618;1.00
2619;1.00
2620;1.00
2621;1.00
2622;1.00
2623;1.02
2624;1.04
2625;4.32
2626;14.14
2627;17.51
2628;12.33
2629;9.82
2630;12.27
2631;14.67
2632;13.49
2633;7.51
2634;3.22
2635;1.25
2636;1.01
2637;1.00
2638;1.00
2639;1.00
2640;1.00
2641;1.00
2642;1.00
2643;1.00
2644;1.00
2645;1.00
2646;1.00
2647;1.02
2648;1.04
2649;4.31
2650;12.11
2651;13.77
2652;11.55
2653;9.83
2654;10.97
2655;12.33
2656;12.09
2657;7.29
2658;3.22
2659;1.25
2660;1.01
2661;1.00
2662;1.00
2663;1.00
2664;1.00
2665;1.00
2666;1.00
2667;1.00
2668;1.00
2669;1.00
2670;1.00
2671;1.02
2672;1.04
2673;4.30
2674;12.09
2675;13.61
2676;11.44
2677;9.82
2678;10.93
2679;12.22
2680;12.00
2681;7.26
2682;3.22
2683;1.25
2684;1.01
2685;1.00
2686;1.00
2687;1.00
2688;1.00
2689;1.00
2690;1.00
2691;1.00
2692;1.00
2693;1.00
2694;1.00
2695;1.02
2696;1.04
2697;4.29
2698;14.12
2699;17.51
2700;12.33
2701;9.83
2702;12.27
2703;14.66
2704;13.49
2705;7.52
2706;3.23
2707;1.26
2708;1.01
2709;1.00
2710;1.00
2711;1.00
2712;1.00
2713;1.00
2714;1.00
2715;1.00
2716;1.00
2717;1.00
2718;1.00
2719;1.00
2720;1.00
2721;1.10
2722;3.10
2723;4.90
2724;1.89
2725;1.00
2726;2.34
2727;3.44
2728;2.50
2729;1.26
2730;1.00
2731;1.00
2732;1.00
2733;1.00
2734;1.00
2735;1.00
2736;1.00
2737;1.00
2738;1.00
2739;1.00
2740;1.00
2741;1.00
2742;1.00
2743;1.00
2744;1.00
2745;1.00
2746;1.02
2747;1.16
2748;1.11
2749;1.01
2750;1.04
2751;1.11
2752;1.09
2753;1.03
2754;1.00
2755;1.00
2756;1.00
2757;1.00
2758;1.00
2759;1.00
2760;1.00
2761;1.00
2762;1.00
2763;1.00
2764;1.00
2765;1.00
2766;1.00
2767;1.02
2768;1.03
2769;2.72
2770;11.01
2771;13.47
2772;11.46
2773;9.82
2774;10.96
2775;12.32
2776;12.08
2777;7.30
2778;3.24
2779;1.26
2780;1.01
2781;1.00
2782;1.00
2783;1.00
2784;1.00
2785;1.00
2786;1.00
2787;1.00
2788;1.00
2789;1.00
2790;1.00
2791;1.02
2792;1.04
2793;4.33
2794;14.15
2795;17.52
2796;12.33
2797;9.82
2798;12.27
2799;14.67
2800;13.49
2801;7.51
2802;3.21
2803;1.25
2804;1.01
2805;1.00
2806;1.00
2807;1.00
2808;1.00
2809;1.00
2810;1.00
2811;1.00
2812;1.00
2813;1.00
2814;1.00
2815;1.02
2816;1.04
2817;4.31
2818;12.11
2819;13.77
2820;11.55
2821;9.84
2822;10.97
2823;12.33
2824;12.09
2825;7.29
2826;3.23
2827;1.26
2828;1.01
2829;1.00
2830;1.00
2831;1.00
2832;1.00
2833;1.00
2834;1.00
2835;1.00
2836;1.00
2837;1.00
2838;1.00
2839;1.02
2840;1.04
2841;4.30
2842;12.08
2843;13.61
2844;11.44
2845;9.82
2846;10.93
2847;12.22
2848;11.99
2849;7.26
2850;3.23
2851;1.26
2852;1.01
2853;1.00
2854;1.00
2855;1.00
2856;1.00
2857;1.00
2858;1.00
2859;1.00
2860;1.00
2861;1.00
2862;1.00
2863;1.02
2864;1.04
2865;4.30
2866;14.12
2867;17.51
2868;12.33
2869;9.83
2870;12.27
2871;14.66
2872;13.49
2873;7.51
2874;3.22
2875;1.26
2876;1.01
2877;1.00
2878;1.00
2879;1.00
2880;1.00
2881;1.00
2882;1.00
2883;1.00
2884;1.00
2885;1.00
2886;1.00
2887;1.00
2888;1.00
2889;1.10
2890;3.10
2891;4.90
2892;1.89
2893;1.00
2894;2.34
2895;3.44
2896;2.50
2897;1.26
2898;1.00
2899;1.00
2900;1.00
2901;1.00
2902;1.00
2903;1.00
2904;1.00
2905;1.00
2906;1.00
2907;1.00
2908;1.00
2909;1.00
2910;1.00
2911;1.00
2912;1.00
2913;1.00
2914;1.02
2915;1.16
2916;1.11
2917;1.01
2918;1.04
2919;1.11
2920;1.09
2921;1.03
2922;1.00
2923;1.00
2924;1.00
2925;1.00
2926;1.00
2927;1.00
2928;1.00
2929;1.00
2930;1.00
2931;1.00
2932;1.00
2933;1.00
2934;1.00
2935;1.02
2936;1.03
2937;2.76
2938;11.09
2939;13.49
2940;11.47
2941;9.81
2942;10.96
2943;12.33
2944;12.09
2945;7.28
2946;3.21
2947;1.25
2948;1.01
2949;1.00
2950;1.00
2951;1.00
2952;1.00
2953;1.00
2954;1.00
2955;1.00
2956;1.00
2957;1.00
2958;1.00
2959;1.02
2960;1.04
2961;4.34
2962;14.17
2963;17.52
2964;12.33
2965;9.82
2966;12.28
2967;14.68
2968;13.49
2969;7.49
2970;3.19
2971;1.24
2972;1.01
2973;1.00
2974;1.00
2975;1.00
2976;1.00
2977;1.00
2978;1.00
2979;1.00
2980;1.00
2981;1.00
2982;1.00
2983;1.02
2984;1.04
2985;4.40
2986;12.19
2987;13.79
2988;11.56
2989;9.82
2990;10.98
2991;12.35
2992;12.09
2993;7.25
2994;3.17
2995;1.22
2996;1.01
2997;1.00
2998;1.00
2999;1.00
3000;1.00
3001;1.00
3002;1.00
3003;1.00
3004;1.00
3005;1.00
3006;1.00
3007;1.02
3008;1.04
3009;4.40
3010;12.17
3011;13.63
3012;11.46
3013;9.81
3014;10.93
3015;12.24
3016;12.00
3017;7.23
3018;3.19
3019;1.24
3020;1.01
3021;1.00
3022;1.00
3023;1.00
3024;1.00
3025;1.00
3026;1.00
3027;1.00
3028;1.00
3029;1.00
3030;1.00
3031;1.02
3032;1.04
3033;4.33
3034;14.16
3035;17.52
3036;12.33
3037;9.82
3038;12.27
3039;14.67
3040;13.49
3041;7.50
3042;3.21
3043;1.25
3044;1.01
3045;1.00
3046;1.00
3047;1.00
3048;1.00
3049;1.00
3050;1.00
3051;1.00
3052;1.00
3053;1.00
3054;1.00
3055;1.00
3056;1.00
3057;1.10
3058;3.12
3059;4.91
3060;1.88
3061;1.00
3062;2.34
3063;3.45
3064;2.49
3065;1.26
3066;1.00
3067;1.00
3068;1.00
3069;1.00
3070;1.00
3071;1.00
3072;1.00
3073;1.00
3074;1.00
3075;1.00
3076;1.00
3077;1.00
3078;1.00
3079;1.00
3080;1.00
3081;1.00
3082;1.02
3083;1.16
3084;1.10
3085;1.01
3086;1.04
3087;1.11
3088;1.09
3089;1.03
3090;1.00
3091;1.00
3092;1.00
3093;1.00
3094;1.00
3095;1.00
3096;1.00
3097;1.00
3098;1.00
3099;1.00
3100;1.00
3101;1.00
3102;1.00
3103;1.02
3104;1.03
3105;2.77
3106;11.11
3107;13.49
3108;11.48
3109;9.81
3110;10.96
3111;12.33
3112;12.09
3113;7.28
3114;3.21
3115;1.25
3116;1.01
3117;1.00
3118;1.00
3119;1.00
3120;1.00
3121;1.00
3122;1.00
3123;1.00
3124;1.00
3125;1.00
3126;1.00
3127;1.02
3128;1.04
3129;4.33
3130;14.16
3131;17.52
3132;12.33
3133;9.82
3134;12.27
3135;14.67
3136;13.49
3137;7.50
3138;3.21
3139;1.25
3140;1.01
3141;1.00
3142;1.00
3143;1.00
3144;1.00
3145;1.00
3146;1.00
3147;1.00
3148;1.00
3149;1.00
3150;1.00
3151;1.02
3152;1.04
3153;4.30
3154;12.10
3155;13.77
3156;11.55
3157;9.84
3158;10.97
3159;12.32
3160;12.08
3161;7.29
3162;3.24
3163;1.26
3164;1.01
3165;1.00
3166;1.00
3167;1.00
3168;1.00
3169;1.00
3170;1.00
3171;1.00
3172;1.00
3173;1.00
3174;1.00
3175;1.02
3176;1.04
3177;4.29
3178;12.08
3179;13.60
3180;11.44
3181;9.83
3182;10.93
3183;12.22
3184;11.99
3185;7.26
3186;3.23
3187;1.26
3188;1.01
3189;1.00
3190;1.00
3191;1.00
3192;1.00
3193;1.00
3194;1.00
3195;1.00
3196;1.00
3197;1.00
3198;1.00
3199;1.02
3200;1.04
3201;4.30
3202;14.12
3203;17.51
3204;12.33
3205;9.83
3206;12.27
3207;14.66
3208;13.49
3209;7.52
3210;3.24
3211;1.26
3212;1.01
3213;1.00
3214;1.00
3215;1.00
3216;1.00
3217;1.00
3218;1.00
3219;1.00
3220;1.00
3221;1.00
3222;1.00
3223;1.00
3224;1.00
3225;1.10
3226;3.11
3227;4.90
3228;1.89
3229;1.00
3230;2.34
3231;3.44
3232;2.49
3233;1.26
3234;1.00
3235;1.00
3236;1.00
3237;1.00
3238;1.00
3239;1.00
3240;1.00
3241;1.00
3242;1.00
3243;1.00
3244;1.00
3245;1.00
3246;1.00
3247;1.00
3248;1.00
3249;1.00
3250;1.02
3251;1.16
3252;1.10
3253;1.01
3254;1.04
3255;1.11
3256;1.09
3257;1.03
3258;1.00
3259;1.00
3260;1.00
3261;1.00
3262;1.00
3263;1.00
3264;1.00
3265;1.00
3266;1.00
3267;1.00
3268;1.00
3269;1.00
3270;1.00
3271;1.02
3272;1.03
3273;2.81
3274;11.15
3275;13.51
3276;11.48
3277;9.81
3278;10.97
3279;12.33
3280;12.09
3281;7.27
3282;3.20
3283;1.24
3284;1.01
3285;1.00
3286;1.00
3287;1.00
3288;1.00
3289;1.00
3290;1.00
3291;1.00
3292;1.00
3293;1.00
3294;1.00
3295;1.02
3296;1.04
3297;4.34
3298;14.17
3299;17.52
3300;12.33
3301;9.82
3302;12.28
3303;14.67
3304;13.49
3305;7.50
3306;3.20
3307;1.24
3308;1.01
3309;1.00
3310;1.00
3311;1.00
3312;1.00
3313;1.00
3314;1.00
3315;1.00
3316;1.00
3317;1.00
3318;1.00
3319;1.02
3320;1.04
3321;4.36
3322;12.15
3323;13.78
3324;11.56
3325;9.83
3326;10.97
3327;12.34
3328;12.09
3329;7.27
3330;3.19
3331;1.24
3332;1.01
3333;1.00
3334;1.00
3335;1.00
3336;1.00
3337;1.00
3338;1.00
3339;1.00
3340;1.00
3341;1.00
3342;1.00
3343;1.02
3344;1.04
3345;4.36
3346;12.14
3347;13.62
3348;11.45
3349;9.82
3350;10.93
3351;12.23
3352;12.00
3353;7.24
3354;3.19
3355;1.24
3356;1.01
3357;1.00
3358;1.00
3359;1.00
3360;1.00
3361;1.00
3362;1.00
3363;1.00
3364;1.00
3365;1.00
3366;1.00
3367;1.02
3368;1.04
3369;4.36
3370;14.19
3371;17.52
3372;12.33
3373;9.82
3374;12.28
3375;14.67
3376;13.49
3377;7.49
3378;3.20
3379;1.24
3380;1.01
3381;1.00
3382;1.00
3383;1.00
3384;1.00
3385;1.00
3386;1.00
3387;1.00
3388;1.00
3389;1.00
3390;1.00
3391;1.00
3392;1.00
3393;1.10
3394;3.11
3395;4.91
3396;1.89
3397;1.00
3398;2.34
3399;3.44
3400;2.49
3401;1.26
3402;1.00
3403;1.00
3404;1.00
3405;1.00
3406;1.00
3407;1.00
3408;1.00
3409;1.00
3410;1.00
3411;1.00
3412;1.00
3413;1.00
3414;1.00
3415;1.00
3416;1.00
3417;1.00
3418;1.02
3419;1.16
3420;1.11
3421;1.01
3422;1.04
3423;1.11
3424;1.09
3425;1.03
3426;1.00
3427;1.00
3428;1.00
3429;1.00
3430;1.00
3431;1.00
3432;1.00
3433;1.00
3434;1.00
3435;1.00
3436;1.00
3437;1.00
3438;1.00
3439;1.02
3440;1.03
3441;2.71
3442;11.01
3443;13.46
3444;11.46
3445;9.82
3446;10.96
3447;12.31
3448;12.08
3449;7.30
3450;3.25
3451;1.27
3452;1.01
3453;1.00
3454;1.00
3455;1.00
3456;1.00
3457;1.00
3458;1.00
3459;1.00
3460;1.00
3461;1.00
3462;1.00
3463;1.02
3464;1.04
3465;4.27
3466;14.08
3467;17.50
3468;12.33
3469;9.83
3470;12.26
3471;14.65
3472;13.49
3473;7.53
3474;3.25
3475;1.27
3476;1.01
3477;1.00
3478;1.00
3479;1.00
3480;1.00
3481;1.00
3482;1.00
3483;1.00
3484;1.00
3485;1.00
3486;1.00
3487;1.02
3488;1.04
3489;4.29
3490;12.09
3491;13.76
3492;11.55
3493;9.84
3494;10.97
3495;12.32
3496;12.08
3497;7.30
3498;3.24
3499;1.26
3500;1.01
3501;1.00
3502;1.00
3503;1.00
3504;1.00
3505;1.00
3506;1.00
3507;1.00
3508;1.00
3509;1.00
3510;1.00
3511;1.02
3512;1.04
3513;4.29
3514;12.07
3515;13.60
3516;11.44
3517;9.83
3518;10.92
3519;12.21
3520;11.99
3521;7.27
3522;3.24
3523;1.27
3524;1.01
3525;1.00
3526;1.00
3527;1.00
3528;1.00
3529;1.00
3530;1.00
3531;1.00
3532;1.00
3533;1.00
3534;1.00
3535;1.02
3536;1.04
3537;4.27
3538;14.08
3539;17.50
3540;12.33
3541;9.83
3542;12.26
3543;14.65
3544;13.48
3545;7.53
3546;3.25
3547;1.27
3548;1.01
3549;1.00
3550;1.00
3551;1.00
3552;1.00
3553;1.00
3554;1.00
3555;1.00
3556;1.00
3557;1.00
3558;1.00
3559;1.00
3560;1.00
3561;1.10
3562;3.10
3563;4.90
3564;1.89
3565;1.00
3566;2.34
3567;3.44
3568;2.50
3569;1.26
3570;1.00
3571;1.00
3572;1.00
3573;1.00
3574;1.00
3575;1.00
3576;1.00
3577;1.00
3578;1.00
3579;1.00
3580;1.00
3581;1.00
3582;1.00
3583;1.00
3584;1.00
3585;1.00
3586;1.02
3587;1.16
3588;1.11
3589;1.01
3590;1.04
3591;1.11
3592;1.09
3593;1.03
3594;1.00
3595;1.00
3596;1.00
3597;1.00
3598;1.00
3599;1.00
3600;1.00
3601;1.00
3602;1.00
3603;1.00
3604;1.00
3605;1.00
3606;1.00
3607;1.02
3608;1.03
3609;2.73
3610;11.03
3611;13.47
3612;11.47
3613;9.82
3614;10.96
3615;12.32
3616;12.08
3617;7.30
3618;3.24
3619;1.27
3620;1.01
3621;1.00
3622;1.00
3623;1.00
3624;1.00
3625;1.00
3626;1.00
3627;1.00
3628;1.00
3629;1.00
3630;1.00
3631;1.02
3632;1.04
3633;4.33
3634;14.14
3635;17.51
3636;12.33
3637;9.83
3638;12.27
3639;14.67
3640;13.49
3641;7.51
3642;3.21
3643;1.25
3644;1.01
3645;1.00
3646;1.00
3647;1.00
3648;1.00
3649;1.00
3650;1.00
3651;1.00
3652;1.00
3653;1.00
3654;1.00
3655;1.02
3656;1.04
3657;4.36
3658;12.16
3659;13.78
3660;11.56
3661;9.83
3662;10.97
3663;12.33
3664;12.09
3665;7.28
3666;3.21
3667;1.24
3668;1.01
3669;1.00
3670;1.00
3671;1.00
3672;1.00
3673;1.00
3674;1.00
3675;1.00
3676;1.00
3677;1.00
3678;1.00
3679;1.02
3680;1.04
3681;4.35
3682;12.13
3683;13.62
3684;11.45
3685;9.82
3686;10.93
3687;12.23
3688;12.00
3689;7.23
3690;3.19
3691;1.24
3692;1.01
3693;1.00
3694;1.00
3695;1.00
3696;1.00
3697;1.00
3698;1.00
3699;1.00
3700;1.00
3701;1.00
3702;1.00
3703;1.02
3704;1.04
3705;4.36
3706;14.19
3707;17.53
3708;12.33
3709;9.82
3710;12.28
3711;14.67
3712;13.49
3713;7.50
3714;3.21
3715;1.25
3716;1.01
3717;1.00
3718;1.00
3719;1.00
3720;1.00
3721;1.00
3722;1.00
3723;1.00
3724;1.00
3725;1.00
3726;1.00
3727;1.00
3728;1.00
3729;1.10
3730;3.12
3731;4.91
3732;1.88
3733;1.00
3734;2.34
3735;3.45
3736;2.49
3737;1.26
3738;1.00
3739;1.00
3740;1.00
3741;1.00
3742;1.00
3743;1.00
3744;1.00
3745;1.00
3746;1.00
3747;1.00
3748;1.00
3749;1.00
3750;1.00
3751;1.00
3752;1.00
3753;1.00
3754;1.02
3755;1.16
3756;1.10
3757;1.01
3758;1.04
3759;1.11
3760;1.09
3761;1.03
3762;1.00
3763;1.00
3764;1.00
3765;1.00
3766;1.00
3767;1.00
3768;1.00
3769;1.00
3770;1.00
3771;1.00
3772;1.00
3773;1.00
3774;1.00
3775;1.02
3776;1.03
3777;2.82
3778;11.18
3779;13.52
3780;11.49
3781;9.81
3782;10.97
3783;12.33
3784;12.09
3785;7.27
3786;3.20
3787;1.24
3788;1.01
3789;1.00
3790;1.00
3791;1.00
3792;1.00
3793;1.00
3794;1.00
3795;1.00
3796;1.00
3797;1.00
3798;1.00
3799;1.02
3800;1.04
3801;4.35
3802;14.18
3803;17.52
3804;12.33
3805;9.82
3806;12.28
3807;14.67
3808;13.49
3809;7.50
3810;3.21
3811;1.25
3812;1.01
3813;1.00
3814;1.00
3815;1.00
3816;1.00
3817;1.00
3818;1.00
3819;1.00
3820;1.00
3821;1.00
3822;1.00
3823;1.02
3824;1.04
3825;4.34
3826;12.14
3827;13.78
3828;11.55
3829;9.83
3830;10.97
3831;12.33
3832;12.09
3833;7.28
3834;3.21
3835;1.25
3836;1.01
3837;1.00
3838;1.00
3839;1.00
3840;1.00
3841;1.00
3842;1.00
3843;1.00
3844;1.00
3845;1.00
3846;1.00
3847;1.02
3848;1.04
3849;4.32
3850;12.10
3851;13.61
3852;11.45
3853;9.82
3854;10.93
3855;12.22
3856;12.00
3857;7.25
3858;3.22
3859;1.25
3860;1.01
3861;1.00
3862;1.00
3863;1.00
3864;1.00
3865;1.00
3866;1.00
3867;1.00
3868;1.00
3869;1.00
3870;1.00
3871;1.02
3872;1.04
3873;4.31
3874;14.13
3875;17.51
3876;12.33
3877;9.83
3878;12.27
3879;14.66
3880;13.49
3881;7.51
3882;3.22
3883;1.26
3884;1.01
3885;1.00
3886;1.00
3887;1.00
3888;1.00
3889;1.00
3890;1.00
3891;1.00
3892;1.00
3893;1.00
3894;1.00
3895;1.00
3896;1.00
3897;1.10
3898;3.11
3899;4.91
3900;1.89
3901;1.00
3902;2.34
3903;3.44
3904;2.49
3905;1.26
3906;1.00
3907;1.00
3908;1.00
3909;1.00
3910;1.00
3911;1.00
3912;1.00
3913;1.00
3914;1.00
3915;1.00
3916;1.00
3917;1.00
3918;1.00
3919;1.00
3920;1.00
3921;1.00
3922;1.02
3923;1.16
3924;1.10
3925;1.01
3926;1.04
3927;1.11
3928;1.09
3929;1.03
3930;1.00
3931;1.00
3932;1.00
3933;1.00
3934;1.00
3935;1.00
3936;1.00
3937;1.00
3938;1.00
3939;1.00
3940;1.00
3941;1.00
3942;1.00
3943;1.02
3944;1.03
3945;2.75
3946;11.08
3947;13.48
3948;11.47
3949;9.82
3950;10.96
3951;12.32
3952;12.08
3953;7.29
3954;3.23
3955;1.26
3956;1.01
3957;1.00
3958;1.00
3959;1.00
3960;1.00
3961;1.00
3962;1.00
3963;1.00
3964;1.00
3965;1.00
3966;1.00
3967;1.02
3968;1.04
3969;4.30
3970;14.13
3971;17.51
3972;12.33
3973;9.83
3974;12.27
3975;14.66
3976;13.49
3977;7.52
3978;3.23
3979;1.26
3980;1.01
3981;1.00
3982;1.00
3983;1.00
3984;1.00
3985;1.00
3986;1.00
3987;1.00
3988;1.00
3989;1.00
3990;1.00
3991;1.02
3992;1.04
3993;4.32
3994;12.12
3995;13.77
3996;11.55
3997;9.84
3998;10.97
3999;12.33
4000;12.09
4001;7.29
4002;3.22
4003;1.25
4004;1.01
4005;1.00
4006;1.00
4007;1.00
4008;1.00
4009;1.00
4010;1.00
4011;1.00
4012;1.00
4013;1.00
4014;1.00
4015;1.02
4016;1.04
4017;4.34
4018;12.11
4019;13.62
4020;11.45
4021;9.82
4022;10.93
4023;12.22
4024;12.00
4025;7.25
4026;3.20
4027;1.24
4028;1.01
4029;1.00
4030;1.00
4031;1.00
4032;1.00
4033;1.00
4034;1.00
4035;1.00
4036;1.00
4037;1.00
4038;1.00
4039;1.02
4040;1.04
4041;4.35
4042;14.18
4043;17.52
4044;12.33
4045;9.82
4046;12.28
4047;14.67
4048;13.49
4049;7.50
4050;3.20
4051;1.24
4052;1.01
4053;1.00
4054;1.00
4055;1.00
4056;1.00
4057;1.00
4058;1.00
4059;1.00
4060;1.00
4061;1.00
4062;1.00
4063;1.00
4064;1.00
4065;1.10
4066;3.12
4067;4.91
4068;1.88
4069;1.00
4070;2.35
4071;3.45
4072;2.49
4073;1.25
4074;1.00
4075;1.00
4076;1.00
4077;1.00
4078;1.00
4079;1.00
4080;1.00
4081;1.00
4082;1.00
4083;1.00
4084;1.00
4085;1.00
4086;1.00
4087;1.00
4088;1.00
4089;1.00
4090;1.02
4091;1.16
4092;1.10
4093;1.01
4094;1.04
4095;1.11
4096;1.09
4097;1.03
4098;1.00
4099;1.00
4100;1.00
4101;1.00
4102;1.00
4103;1.00
4104;1.00
4105;1.00
4106;1.00
4107;1.00
4108;1.00
4109;1.00
4110;1.00
4111;1.02
4112;1.03
4113;2.81
4114;11.16
4115;13.51
4116;11.48
4117;9.81
4118;10.97
4119;12.33
4120;12.09
4121;7.27
4122;3.20
4123;1.24
4124;1.01
4125;1.00
4126;1.00
4127;1.00
4128;1.00
4129;1.00
4130;1.00
4131;1.00
4132;1.00
4133;1.00
4134;1.00
4135;1.02
4136;1.04
4137;4.38
4138;14.21
4139;17.53
4140;12.33
4141;9.82
4142;12.28
4143;14.68
4144;13.49
4145;7.49
4146;3.19
4147;1.24
4148;1.01
4149;1.00
4150;1.00
4151;1.00
4152;1.00
4153;1.00
4154;1.00
4155;1.00
4156;1.00
4157;1.00
4158;1.00
4159;1.02
4160;1.04
4161;4.33
4162;12.14
4163;13.78
4164;11.55
4165;9.83
4166;10.97
4167;12.33
4168;12.09
4169;7.28
4170;3.21
4171;1.25
4172;1.01
4173;1.00
4174;1.00
4175;1.00
4176;1.00
4177;1.00
4178;1.00
4179;1.00
4180;1.00
4181;1.00
4182;1.00
4183;1.02
4184;1.04
4185;4.31
4186;12.09
4187;13.61
4188;11.44
4189;9.83
4190;10.93
4191;12.22
4192;11.99
4193;7.26
4194;3.23
4195;1.26
4196;1.01
4197;1.00
4198;1.00
4199;1.00
4200;1.00
4201;1.00
4202;1.00
4203;1.00
4204;1.00
4205;1.00
4206;1.00
4207;1.02
4208;1.04
4209;4.31
4210;14.13
4211;17.51
4212;12.33
4213;9.83
4214;12.27
4215;14.66
4216;13.49
4217;7.51
4218;3.22
4219;1.25
4220;1.01
4221;1.00
4222;1.00
4223;1.00
4224;1.00
4225;1.00
4226;1.00
4227;1.00
4228;1.00
4229;1.00
4230;1.00
4231;1.00
4232;1.00
4233;1.10
4234;3.12
4235;4.91
4236;1.88
4237;1.00
4238;2.35
4239;3.45
4240;2.49
4241;1.25
4242;1.00
4243;1.00
4244;1.00
4245;1.00
4246;1.00
4247;1.00
4248;1.00
4249;1.00
4250;1.00
4251;1.00
4252;1.00
4253;1.00
4254;1.00
4255;1.00
4256;1.00
4257;1.00
4258;1.02
4259;1.16
4260;1.10
4261;1.01
4262;1.04
4263;1.11
4264;1.09
4265;1.03
4266;1.00
4267;1.00
4268;1.00
4269;1.00
4270;1.00
4271;1.00
4272;1.00
4273;1.00
4274;1.00
4275;1.00
4276;1.00
4277;1.00
4278;1.00
4279;1.02
4280;1.03
4281;2.81
4282;11.15
4283;13.51
4284;11.48
4285;9.82
4286;10.96
4287;12.33
4288;12.09
4289;7.29
4290;3.22
4291;1.25
4292;1.01
4293;1.00
4294;1.00
4295;1.00
4296;1.00
4297;1.00
4298;1.00
4299;1.00
4300;1.00
4301;1.00
4302;1.00
4303;1.02
4304;1.04
4305;4.33
4306;14.16
4307;17.52
4308;12.33
4309;9.82
4310;12.28
4311;14.67
4312;13.49
4313;7.50
4314;3.20
4315;1.24
4316;1.01
4317;1.00
4318;1.00
4319;1.00
4320;1.00
4321;1.00
4322;1.00
4323;1.00
4324;1.00
4325;1.00
4326;1.00
4327;1.02
4328;1.04
4329;4.37
4330;12.16
4331;13.79
4332;11.56
4333;9.83
4334;10.97
4335;12.34
4336;12.09
4337;7.26
4338;3.19
4339;1.24
4340;1.01
4341;1.00
4342;1.00
4343;1.00
4344;1.00
4345;1.00
4346;1.00
4347;1.00
4348;1.00
4349;1.00
4350;1.00
4351;1.02
4352;1.04
4353;4.32
4354;12.11
4355;13.61
4356;11.45
4357;9.82
4358;10.93
4359;12.22
4360;12.00
4361;7.25
4362;3.21
4363;1.25
4364;1.01
4365;1.00
4366;1.00
4367;1.00
4368;1.00
4369;1.00
4370;1.00
4371;1.00
4372;1.00
4373;1.00
4374;1.00
4375;1.02
4376;1.04
4377;4.35
4378;14.18
4379;17.52
4380;12.33
4381;9.82
4382;12.28
4383;14.67
4384;13.49
4385;7.49
4386;3.20
4387;1.24
4388;1.01
4389;1.00
4390;1.00
4391;1.00
4392;1.00
4393;1.00
4394;1.00
4395;1.00
4396;1.00
4397;1.00
4398;1.00
4399;1.00
4400;1.00
4401;1.10
4402;3.12
4403;4.91
4404;1.88
4405;1.00
4406;2.35
4407;3.45
4408;2.49
4409;1.25
4410;1.00
4411;1.00
4412;1.00
4413;1.00
4414;1.00
4415;1.00
4416;1.00
4417;1.00
4418;1.00
4419;1.00
4420;1.00
4421;1.00
4422;1.00
4423;1.00
4424;1.00
4425;1.00
4426;1.02
4427;1.16
4428;1.10
4429;1.01
4430;1.04
4431;1.11
4432;1.09
4433;1.03
4434;1.00
4435;1.00
4436;1.00
4437;1.00
4438;1.00
4439;1.00
4440;1.00
4441;1.00
4442;1.00
4443;1.00
4444;1.00
4445;1.00
4446;1.00
4447;1.02
4448;1.03
4449;2.81
4450;11.15
4451;13.51
4452;11.48
4453;9.81
4454;10.97
4455;12.33
4456;12.09
4457;7.27
4458;3.20
4459;1.24
4460;1.01
4461;1.00
4462;1.00
4463;1.00
4464;1.00
4465;1.00
4466;1.00
4467;1.00
4468;1.00
4469;1.00
4470;1.00
4471;1.02
4472;1.04
4473;4.34
4474;14.18
4475;17.52
4476;12.33
4477;9.82
4478;12.28
4479;14.67
4480;13.49
4481;7.50
4482;3.21
4483;1.25
4484;1.01
4485;1.00
4486;1.00
4487;1.00
4488;1.00
4489;1.00
4490;1.00
4491;1.00
4492;1.00
4493;1.00
4494;1.00
4495;1.02
4496;1.04
4497;4.34
4498;12.14
4499;13.78
4500;11.55
4501;9.83
4502;10.97
4503;12.33
4504;12.09
4505;7.28
4506;3.20
4507;1.24
4508;1.01
4509;1.00
4510;1.00
4511;1.00
4512;1.00
4513;1.00
4514;1.00
4515;1.00
4516;1.00
4517;1.00
4518;1.00
4519;1.02
4520;1.04
4521;4.34
4522;12.12
4523;13.62
4524;11.45
4525;9.82
4526;10.93
4527;12.22
4528;12.00
4529;7.25
4530;3.20
4531;1.24
4532;1.01
4533;1.00
4534;1.00
4535;1.00
4536;1.00
4537;1.00
4538;1.00
4539;1.00
4540;1.00
4541;1.00
4542;1.00
4543;1.02
4544;1.04
4545;4.32
4546;14.16
4547;17.52
4548;12.33
4549;9.83
4550;12.27
4551;14.66
4552;13.49
4553;7.51
4554;3.23
4555;1.26
4556;1.01
4557;1.00
4558;1.00
4559;1.00
4560;1.00
4561;1.00
4562;1.00
4563;1.00
4564;1.00
4565;1.00
4566;1.00
4567;1.00
4568;1.00
4569;1.10
4570;3.12
4571;4.91
4572;1.88
4573;1.00
4574;2.34
4575;3.45
4576;2.49
4577;1.25
4578;1.00
4579;1.00
4580;1.00
4581;1.00
4582;1.00
4583;1.00
4584;1.00
4585;1.00
4586;1.00
4587;1.00
4588;1.00
4589;1.00
4590;1.00
4591;1.00
4592;1.00
4593;1.00
4594;1.02
4595;1.16
4596;1.10
4597;1.01
4598;1.04
4599;1.11
4600;1.09
4601;1.03
4602;1.00
4603;1.00
4604;1.00
4605;1.00
4606;1.00
4607;1.00
4608;1.00
4609;1.00
4610;1.00
4611;1.00
4612;1.00
4613;1.00
4614;1.00
4615;1.02
4616;1.03
4617;2.80
4618;11.14
4619;13.51
4620;11.48
4621;9.82
4622;10.96
4623;12.33
4624;12.09
4625;7.29
4626;3.22
4627;1.25
4628;1.01
4629;1.00
4630;1.00
4631;1.00
4632;1.00
4633;1.00
4634;1.00
4635;1.00
4636;1.00
4637;1.00
4638;1.00
4639;1.02
4640;1.04
4641;4.33
4642;14.17
4643;17.52
4644;12.33
4645;9.82
4646;12.28
4647;14.67
4648;13.49
4649;7.50
4650;3.20
4651;1.24
4652;1.01
4653;1.00
4654;1.00
4655;1.00
4656;1.00
4657;1.00
4658;1.00
4659;1.00
4660;1.00
4661;1.00
4662;1.00
4663;1.02
4664;1.04
4665;4.36
4666;12.16
4667;13.78
4668;11.56
4669;9.83
4670;10.97
4671;12.33
4672;12.09
4673;7.28
4674;3.21
4675;1.25
4676;1.01
4677;1.00
4678;1.00
4679;1.00
4680;1.00
4681;1.00
4682;1.00
4683;1.00
4684;1.00
4685;1.00
4686;1.00
4687;1.02
4688;1.04
4689;4.34
4690;12.12
4691;13.62
4692;11.45
4693;9.82
4694;10.93
4695;12.23
4696;12.00
4697;7.25
4698;3.21
4699;1.25
4700;1.01
4701;1.00
4702;1.00
4703;1.00
4704;1.00
4705;1.00
4706;1.00
4707;1.00
4708;1.00
4709;1.00
4710;1.00
4711;1.02
4712;1.04
4713;4.33
4714;14.16
4715;17.52
4716;12.33
4717;9.82
4718;12.28
4719;14.67
4720;13.49
4721;7.51
4722;3.21
4723;1.25
4724;1.01
4725;1.00
4726;1.00
4727;1.00
4728;1.00
4729;1.00
4730;1.00
4731;1.00
4732;1.00
4733;1.00
4734;1.00
4735;1.00
4736;1.00
4737;1.10
4738;3.12
4739;4.91
4740;1.88
4741;1.00
4742;2.35
4743;3.45
4744;2.49
4745;1.25
4746;1.00
4747;1.00
4748;1.00
4749;1.00
4750;1.00
4751;1.00
4752;1.00
4753;1.00
4754;1.00
4755;1.00
4756;1.00
4757;1.00
4758;1.00
4759;1.00
4760;1.00
4761;1.00
4762;1.02
4763;1.16
4764;1.10
4765;1.01
4766;1.04
4767;1.11
4768;1.09
4769;1.03
4770;1.00
4771;1.00
4772;1.00
4773;1.00
4774;1.00
4775;1.00
4776;1.00
4777;1.00
4778;1.00
4779;1.00
4780;1.00
4781;1.00
4782;1.00
4783;1.02
4784;1.03
4785;2.82
4786;11.16
4787;13.51
4788;11.48
4789;9.81
4790;10.97
4791;12.33
4792;12.09
4793;7.28
4794;3.20
4795;1.24
4796;1.01
4797;1.00
4798;1.00
4799;1.00
4800;1.00
4801;1.00
4802;1.00
4803;1.00
4804;1.00
4805;1.00
4806;1.00
4807;1.02
4808;1.04
4809;4.34
4810;14.17
4811;17.52
4812;12.33
4813;9.82
4814;12.28
4815;14.67
4816;13.49
4817;7.50
4818;3.21
4819;1.25
4820;1.01
4821;1.00
4822;1.00
4823;1.00
4824;1.00
4825;1.00
4826;1.00
4827;1.00
4828;1.00
4829;1.00
4830;1.00
4831;1.02
4832;1.04
4833;4.33
4834;12.13
4835;13.77
4836;11.55
4837;9.83
4838;10.97
4839;12.33
4840;12.09
4841;7.29
4842;3.22
4843;1.25
4844;1.01
4845;1.00
4846;1.00
4847;1.00
4848;1.00
4849;1.00
4850;1.00
4851;1.00
4852;1.00
4853;1.00
4854;1.00
4855;1.02
4856;1.04
4857;4.33
4858;12.11
4859;13.61
4860;11.45
4861;9.82
4862;10.93
4863;12.22
4864;12.00
4865;7.25
4866;3.21
4867;1.25
4868;1.01
4869;1.00
4870;1.00
4871;1.00
4872;1.00
4873;1.00
4874;1.00
4875;1.00
4876;1.00
4877;1.00
4878;1.00
4879;1.02
4880;1.04
4881;4.35
4882;14.18
4883;17.52
4884;12.33
4885;9.82
4886;12.28
4887;14.67
4888;13.49
4889;7.49
4890;3.19
4891;1.24
4892;1.01
4893;1.00
4894;1.00
4895;1.00
4896;1.00
4897;1.00
4898;1.00
4899;1.00
4900;1.00
4901;1.00
4902;1.00
4903;1.00
4904;1.00
4905;1.11
4906;3.12
4907;4.91
4908;1.87
4909;1.00
4910;2.35
4911;3.45
4912;2.49
4913;1.25
4914;1.00
4915;1.00
4916;1.00
4917;1.00
4918;1.00
4919;1.00
4920;1.00
4921;1.00
4922;1.00
4923;1.00
4924;1.00
4925;1.00
4926;1.00
4927;1.00
4928;1.00
4929;1.00
4930;1.02
4931;1.16
4932;1.10
4933;1.01
4934;1.04
4935;1.11
4936;1.09
4937;1.03
4938;1.00
4939;1.00
4940;1.00
4941;1.00
4942;1.00
4943;1.00
4944;1.00
4945;1.00
4946;1.00
4947;1.00
4948;1.00
4949;1.00
4950;1.00
4951;1.02
4952;1.03
4953;2.80
4954;11.15
4955;13.51
4956;11.48
4957;9.81
4958;10.97
4959;12.33
4960;12.09
4961;7.28
4962;3.21
4963;1.25
4964;1.01
4965;1.00
4966;1.00
4967;1.00
4968;1.00
4969;1.00
4970;1.00
4971;1.00
4972;1.00
4973;1.00
4974;1.00
4975;1.02
4976;1.04
4977;4.32
4978;14.15
4979;17.52
4980;12.33
4981;9.82
4982;12.27
4983;14.67
4984;13.49
4985;7.51
4986;3.21
4987;1.25
4988;1.01
4989;1.00
4990;1.00
4991;1.00
4992;1.00
4993;1.00
4994;1.00
4995;1.00
4996;1.00
4997;1.00
4998;1.00
4999;1.02
5000;1.04
5001;4.34
5002;12.14
5003;13.78
5004;11.55
5005;9.83
5006;10.97
5007;12.33
5008;12.09
5009;7.28
5010;3.21
5011;1.25
5012;1.01
5013;1.00
5014;1.00
5015;1.00
5016;1.00
5017;1.00
5018;1.00
5019;1.00
5020;1.00
5021;1.00
5022;1.00
5023;1.02
5024;1.04
5025;4.35
5026;12.13
5027;13.62
5028;11.45
5029;9.82
5030;10.93
5031;12.23
5032;12.00
5033;7.24
5034;3.19
5035;1.24
5036;1.01
5037;1.00
5038;1.00
5039;1.00
5040;1.00
5041;1.00
5042;1.00
5043;1.00
5044;1.00
5045;1.00
5046;1.00
5047;1.02
5048;1.04
5049;4.37
5050;14.21
5051;17.53
5052;12.33
5053;9.82
5054;12.28
5055;14.68
5056;13.49
5057;7.48
5058;3.18
5059;1.23
5060;1.01
5061;1.00
5062;1.00
5063;1.00
5064;1.00
5065;1.00
5066;1.00
5067;1.00
5068;1.00
5069;1.00
5070;1.00
5071;1.00
5072;1.00
5073;1.10
5074;3.12
5075;4.91
5076;1.88
5077;1.00
5078;2.35
5079;3.45
5080;2.49
5081;1.25
5082;1.00
5083;1.00
5084;1.00
5085;1.00
5086;1.00
5087;1.00
5088;1.00
5089;1.00
5090;1.00
5091;1.00
5092;1.00
5093;1.00
5094;1.00
5095;1.00
5096;1.00
5097;1.00
5098;1.02
5099;1.16
5100;1.10
5101;1.01
5102;1.04
5103;1.11
5104;1.09
5105;1.03
5106;1.00
5107;1.00
5108;1.00
5109;1.00
5110;1.00
5111;1.00
5112;1.00
5113;1.00
5114;1.00
5115;1.00
5116;1.00
5117;1.00
5118;1.00
5119;1.02
5120;1.03
5121;2.78
5122;11.11
5123;13.49
5124;11.48
5125;9.82
5126;10.96
5127;12.33
5128;12.09
5129;7.29
5130;3.22
5131;1.25
5132;1.01
5133;1.00
5134;1.00
5135;1.00
5136;1.00
5137;1.00
5138;1.00
5139;1.00
5140;1.00
5141;1.00
5142;1.00
5143;1.02
5144;1.04
5145;4.31
5146;14.14
5147;17.51
5148;12.33
5149;9.83
5150;12.27
5151;14.66
5152;13.49
5153;7.51
5154;3.22
5155;1.25
5156;1.01
5157;1.00
5158;1.00
5159;1.00
5160;1.00
5161;1.00
5162;1.00
5163;1.00
5164;1.00
5165;1.00
5166;1.00
5167;1.02
5168;1.04
5169;4.33
5170;12.13
5171;13.77
5172;11.55
5173;9.84
5174;10.97
5175;12.32
5176;12.08
5177;7.30
5178;3.24
5179;1.26
5180;1.01
5181;1.00
5182;1.00
5183;1.00
5184;1.00
5185;1.00
5186;1.00
5187;1.00
5188;1.00
5189;1.00
5190;1.00
5191;1.02
5192;1.04
5193;4.29
5194;12.08
5195;13.60
5196;11.44
5197;9.83
5198;10.93
5199;12.21
5200;11.99
5201;7.26
5202;3.24
5203;1.26
5204;1.01
5205;1.00
5206;1.00
5207;1.00
5208;1.00
5209;1.00
5210;1.00
5211;1.00
5212;1.00
5213;1.00
5214;1.00
5215;1.02
5216;1.04
5217;4.31
5218;14.13
5219;17.51
5220;12.33
5221;9.83
5222;12.27
5223;14.66
5224;13.49
5225;7.52
5226;3.24
5227;1.26
5228;1.01
5229;1.00
5230;1.00
5231;1.00
5232;1.00
5233;1.00
5234;1.00
5235;1.00
5236;1.00
5237;1.00
5238;1.00
5239;1.00
5240;1.00
5241;1.10
5242;3.12
5243;4.91
5244;1.88
5245;1.00
5246;2.34
5247;3.45
5248;2.49
5249;1.25
5250;1.00
5251;1.00
5252;1.00
5253;1.00
5254;1.00
5255;1.00
5256;1.00
5257;1.00
5258;1.00
5259;1.00
5260;1.00
5261;1.00
5262;1.00
5263;1.00
5264;1.00
5265;1.00
5266;1.02
5267;1.16
5268;1.10
5269;1.01
5270;1.04
5271;1.11
5272;1.09
5273;1.03
5274;1.00
5275;1.00
5276;1.00
5277;1.00
5278;1.00
5279;1.00
5280;1.00
5281;1.00
5282;1.00
5283;1.00
5284;1.00
5285;1.00
5286;1.00
5287;1.02
5288;1.03
5289;2.79
5290;11.12
5291;13.50
5292;11.48
5293;9.82
5294;10.96
5295;12.33
5296;12.09
5297;7.28
5298;3.21
5299;1.25
5300;1.01
5301;1.00
5302;1.00
5303;1.00
5304;1.00
5305;1.00
5306;1.00
5307;1.00
5308;1.00
5309;1.00
5310;1.00
5311;1.02
5312;1.04
5313;4.34
5314;14.18
5315;17.52
5316;12.33
5317;9.82
5318;12.28
5319;14.67
5320;13.49
5321;7.50
5322;3.20
5323;1.24
5324;1.01
5325;1.00
5326;1.00
5327;1.00
5328;1.00
5329;1.00
5330;1.00
5331;1.00
5332;1.00
5333;1.00
5334;1.00
5335;1.02
5336;1.04
5337;4.34
5338;12.14
5339;13.78
5340;11.55
5341;9.83
5342;10.97
5343;12.33
5344;12.09
5345;7.28
5346;3.21
5347;1.25
5348;1.01
5349;1.00
5350;1.00
5351;1.00
5352;1.00
5353;1.00
5354;1.00
5355;1.00
5356;1.00
5357;1.00
5358;1.00
5359;1.02
5360;1.04
5361;4.35
5362;12.13
5363;13.62
5364;11.45
5365;9.82
5366;10.93
5367;12.23
5368;12.00
5369;7.25
5370;3.21
5371;1.24
5372;1.01
5373;1.00
5374;1.00
5375;1.00
5376;1.00
5377;1.00
5378;1.00
5379;1.00
5380;1.00
5381;1.00
5382;1.00
5383;1.02
5384;1.04
5385;4.33
5386;14.17
5387;17.52
5388;12.33
5389;9.83
5390;12.27
5391;14.67
5392;13.49
5393;7.51
5394;3.22
5395;1.25
5396;1.01
5397;1.00
5398;1.00
5399;1.00
5400;1.00
5401;1.00
5402;1.00
5403;1.00
5404;1.00
5405;1.00
5406;1.00
5407;1.00
5408;1.00
5409;1.10
5410;3.12
5411;4.91
5412;1.88
5413;1.00
5414;2.35
5415;3.45
5416;2.49
5417;1.25
5418;1.00
5419;1.00
5420;1.00
5421;1.00
5422;1.00
5423;1.00
5424;1.00
5425;1.00
5426;1.00
5427;1.00
5428;1.00
5429;1.00
5430;1.00
5431;1.00
5432;1.00
5433;1.00
5434;1.02
5435;1.16
5436;1.10
5437;1.01
5438;1.04
5439;1.11
5440;1.09
5441;1.03
5442;1.00
5443;1.00
5444;1.00
5445;1.00
5446;1.00
5447;1.00
5448;1.00
5449;1.00
5450;1.00
5451;1.00
5452;1.00
5453;1.00
5454;1.00
5455;1.02
5456;1.03
5457;2.78
5458;11.11
5459;13.50
5460;11.48
5461;9.82
5462;10.96
5463;12.32
5464;12.09
5465;7.29
5466;3.22
5467;1.26
5468;1.01
5469;1.00
5470;1.00
5471;1.00
5472;1.00
5473;1.00
5474;1.00
5475;1.00
5476;1.00
5477;1.00
5478;1.00
5479;1.02
5480;1.04
5481;4.33
5482;14.16
5483;17.52
5484;12.33
5485;9.83
5486;12.27
5487;14.66
5488;13.49
5489;7.51
5490;3.22
5491;1.25
5492;1.01
5493;1.00
5494;1.00
5495;1.00
5496;1.00
5497;1.00
5498;1.00
5499;1.00
5500;1.00
5501;1.00
5502;1.00
5503;1.02
5504;1.04
5505;4.34
5506;12.14
5507;13.78
5508;11.55
5509;9.83
5510;10.97
5511;12.33
5512;12.09
5513;7.28
5514;3.21
5515;1.25
5516;1.01
5517;1.00
5518;1.00
5519;1.00
5520;1.00
5521;1.00
5522;1.00
5523;1.00
5524;1.00
5525;1.00
5526;1.00
5527;1.02
5528;1.04
5529;4.31
5530;12.10
5531;13.61
5532;11.45
5533;9.83
5534;10.93
5535;12.22
5536;11.99
5537;7.26
5538;3.22
5539;1.25
5540;1.01
5541;1.00
5542;1.00
5543;1.00
5544;1.00
5545;1.00
5546;1.00
5547;1.00
5548;1.00
5549;1.00
5550;1.00
5551;1.02
5552;1.04
5553;4.33
5554;14.16
5555;17.52
5556;12.33
5557;9.82
5558;12.27
5559;14.67
5560;13.49
5561;7.51
5562;3.21
5563;1.25
5564;1.01
5565;1.00
5566;1.00
5567;1.00
5568;1.00
5569;1.00
5570;1.00
5571;1.00
5572;1.00
5573;1.00
5574;1.00
5575;1.00
5576;1.00
5577;1.11
5578;3.13
5579;4.91
5580;1.87
5581;1.00
5582;2.35
5583;3.45
5584;2.49
5585;1.25
5586;1.00
5587;1.00
5588;1.00
5589;1.00
5590;1.00
5591;1.00
5592;1.00
5593;1.00
5594;1.00
5595;1.00
5596;1.00
5597;1.00
5598;1.00
5599;1.00
5600;1.00
5601;1.00
5602;1.02
5603;1.16
5604;1.10
5605;1.01
5606;1.04
5607;1.11
5608;1.09
5609;1.03
5610;1.00
5611;1.00
5612;1.00
5613;1.00
5614;1.00
5615;1.00
5616;1.00
5617;1.00
5618;1.00
5619;1.00
5620;1.00
5621;1.00
5622;1.00
5623;1.02
5624;1.03
5625;2.78
5626;11.11
5627;13.50
5628;11.48
5629;9.81
5630;10.96
5631;12.33
5632;12.09
5633;7.28
5634;3.21
5635;1.24
5636;1.01
5637;1.00
5638;1.00
5639;1.00
5640;1.00
5641;1.00
5642;1.00
5643;1.00
5644;1.00
5645;1.00
5646;1.00
5647;1.02
5648;1.04
5649;4.36
5650;14.20
5651;17.53
5652;12.33
5653;9.82
5654;12.28
5655;14.67
5656;13.49
5657;7.50
5658;3.21
5659;1.25
5660;1.01
5661;1.00
5662;1.00
5663;1.00
5664;1.00
5665;1.00
5666;1.00
5667;1.00
5668;1.00
5669;1.00
5670;1.00
5671;1.02
5672;1.04
5673;4.31
5674;12.11
5675;13.77
5676;11.55
5677;9.84
5678;10.97
5679;12.32
5680;12.09
5681;7.29
5682;3.22
5683;1.25
5684;1.01
5685;1.00
5686;1.00
5687;1.00
5688;1.00
5689;1.00
5690;1.00
5691;1.00
5692;1.00
5693;1.00
5694;1.00
5695;1.02
5696;1.04
5697;4.34
5698;12.12
5699;13.62
5700;11.45
5701;9.82
5702;10.93
5703;12.23
5704;12.00
5705;7.24
5706;3.20
5707;1.25
5708;1.01
5709;1.00
5710;1.00
5711;1.00
5712;1.00
5713;1.00
5714;1.00
5715;1.00
5716;1.00
5717;1.00
5718;1.00
5719;1.02
5720;1.04
5721;4.31
5722;14.14
5723;17.51
5724;12.33
5725;9.83
5726;12.27
5727;14.66
5728;13.49
5729;7.52
5730;3.23
5731;1.26
5732;1.01
5733;1.00
5734;1.00
5735;1.00
5736;1.00
5737;1.00
5738;1.00
5739;1.00
5740;1.00
5741;1.00
5742;1.00
5743;1.00
5744;1.00
5745;1.10
5746;3.11
5747;4.91
5748;1.89
5749;1.00
5750;2.34
5751;3.44
5752;2.49
5753;1.26
5754;1.00
5755;1.00
5756;1.00
5757;1.00
5758;1.00
5759;1.00
5760;1.00
5761;1.00
5762;1.00
5763;1.00
5764;1.00
5765;1.00
5766;1.00
5767;1.00
5768;1.00
5769;1.00
5770;1.02
5771;1.16
5772;1.10
5773;1.01
5774;1.04
5775;1.11
5776;1.09
5777;1.03
5778;1.00
5779;1.00
5780;1.00
5781;1.00
5782;1.00
5783;1.00
5784;1.00
5785;1.00
5786;1.00
5787;1.00
5788;1.00
5789;1.00
5790;1.00
5791;1.02
5792;1.03
5793;2.76
5794;11.08
5795;13.49
5796;11.47
5797;9.81
5798;10.96
5799;12.33
5800;12.09
5801;7.28
5802;3.22
5803;1.25
5804;1.01
5805;1.00
5806;1.00
5807;1.00
5808;1.00
5809;1.00
5810;1.00
5811;1.00
5812;1.00
5813;1.00
5814;1.00
5815;1.02
5816;1.04
5817;4.32
5818;14.14
5819;17.51
5820;12.33
5821;9.82
5822;12.27
5823;14.67
5824;13.49
5825;7.51
5826;3.21
5827;1.25
5828;1.01
5829;1.00
5830;1.00
5831;1.00
5832;1.00
5833;1.00
5834;1.00
5835;1.00
5836;1.00
5837;1.00
5838;1.00
5839;1.02
5840;1.04
5841;4.38
5842;12.17
5843;13.79
5844;11.56
5845;9.83
5846;10.97
5847;12.34
5848;12.09
5849;7.26
5850;3.19
5851;1.24
5852;1.01
5853;1.00
5854;1.00
5855;1.00
5856;1.00
5857;1.00
5858;1.00
5859;1.00
5860;1.00
5861;1.00
5862;1.00
5863;1.02
5864;1.04
5865;4.35
5866;12.13
5867;13.62
5868;11.45
5869;9.82
5870;10.93
5871;12.23
5872;12.00
5873;7.24
5874;3.19
5875;1.24
5876;1.01
5877;1.00
5878;1.00
5879;1.00
5880;1.00
5881;1.00
5882;1.00
5883;1.00
5884;1.00
5885;1.00
5886;1.00
5887;1.02
5888;1.04
5889;4.36
5890;14.20
5891;17.53
5892;12.33
5893;9.82
5894;12.28
5895;14.67
5896;13.49
5897;7.50
5898;3.20
5899;1.24
5900;1.01
5901;1.00
5902;1.00
5903;1.00
5904;1.00
5905;1.00
5906;1.00
5907;1.00
5908;1.00
5909;1.00
5910;1.00
5911;1.00
5912;1.00
5913;1.10
5914;3.11
5915;4.91
5916;1.88
5917;1.00
5918;2.34
5919;3.45
5920;2.49
5921;1.26
5922;1.00
5923;1.00
5924;1.00
5925;1.00
5926;1.00
5927;1.00
5928;1.00
5929;1.00
5930;1.00
5931;1.00
5932;1.00
5933;1.00
5934;1.00
5935;1.00
5936;1.00
5937;1.00
5938;1.02
5939;1.16
5940;1.10
5941;1.01
5942;1.04
5943;1.11
5944;1.09
5945;1.03
5946;1.00
5947;1.00
5948;1.00
5949;1.00
5950;1.00
5951;1.00
5952;1.00
5953;1.00
5954;1.00
5955;1.00
5956;1.00
5957;1.00
5958;1.00
5959;1.02
5960;1.03
5961;2.75
5962;11.06
5963;13.48
5964;11.47
5965;9.82
5966;10.96
5967;12.32
5968;12.08
5969;7.29
5970;3.23
5971;1.26
5972;1.01
5973;1.00
5974;1.00
5975;1.00
5976;1.00
5977;1.00
5978;1.00
5979;1.00
5980;1.00
5981;1.00
5982;1.00
5983;1.02
5984;1.04
5985;4.30
5986;14.12
5987;17.51
5988;12.33
5989;9.83
5990;12.27
5991;14.66
5992;13.49
5993;7.52
5994;3.24
5995;1.26
5996;1.01
5997;1.00
5998;1.00
5999;1.00
6000;1.00
6001;1.00
6002;1.00
6003;1.00
6004;1.00
6005;1.00
6006;1.00
6007;1.02
6008;1.04
6009;4.32
6010;12.12
6011;13.77
6012;11.55
6013;9.83
6014;10.97
6015;12.33
6016;12.09
6017;7.28
6018;3.20
6019;1.24
6020;1.01
6021;1.00
6022;1.00
6023;1.00
6024;1.00
6025;1.00
6026;1.00
6027;1.00
6028;1.00
6029;1.00
6030;1.00
6031;1.02
6032;1.04
6033;4.38
6034;12.15
6035;13.63
6036;11.45
6037;9.81
6038;10.93
6039;12.23
6040;12.00
6041;7.23
6042;3.18
6043;1.23
6044;1.01
6045;1.00
6046;1.00
6047;1.00
6048;1.00
6049;1.00
6050;1.00
6051;1.00
6052;1.00
6053;1.00
6054;1.00
6055;1.02
6056;1.04
6057;4.40
6058;14.23
6059;17.54
6060;12.33
6061;9.81
6062;12.29
6063;14.69
6064;13.49
6065;7.47
6066;3.17
6067;1.23
6068;1.01
6069;1.00
6070;1.00
6071;1.00
6072;1.00
6073;1.00
6074;1.00
6075;1.00
6076;1.00
6077;1.00
6078;1.00
6079;1.00
6080;1.00
6081;1.10
6082;3.12
6083;4.91
6084;1.88
6085;1.00
6086;2.35
6087;3.45
6088;2.49
6089;1.25
6090;1.00
6091;1.00
6092;1.00
6093;1.00
6094;1.00
6095;1.00
6096;1.00
6097;1.00
6098;1.00
6099;1.00
6100;1.00
6101;1.00
6102;1.00
6103;1.00
6104;1.00
6105;1.00
6106;1.02
6107;1.16
6108;1.10
6109;1.01
6110;1.04
6111;1.11
6112;1.09
6113;1.03
6114;1.00
6115;1.00
6116;1.00
6117;1.00
6118;1.00
6119;1.00
6120;1.00
6121;1.00
6122;1.00
6123;1.00
6124;1.00
6125;1.00
6126;1.00
6127;1.02
6128;1.03
6129;2.76
6130;11.09
6131;13.49
6132;11.47
6133;9.81
6134;10.96
6135;12.32
6136;12.09
6137;7.29
6138;3.23
6139;1.26
6140;1.01
6141;1.00
6142;1.00
6143;1.00
6144;1.00
6145;1.00
6146;1.00
6147;1.00
6148;1.00
6149;1.00
6150;1.00
6151;1.02
6152;1.04
6153;4.34
6154;14.16
6155;17.52
6156;12.33
6157;9.82
6158;12.27
6159;14.67
6160;13.49
6161;7.50
6162;3.20
6163;1.24
6164;1.01
6165;1.00
6166;1.00
6167;1.00
6168;1.00
6169;1.00
6170;1.00
6171;1.00
6172;1.00
6173;1.00
6174;1.00
6175;1.02
6176;1.04
6177;4.39
6178;12.18
6179;13.79
6180;11.56
6181;9.82
6182;10.98
6183;12.34
6184;12.09
6185;7.25
6186;3.18
6187;1.23
6188;1.01
6189;1.00
6190;1.00
6191;1.00
6192;1.00
6193;1.00
6194;1.00
6195;1.00
6196;1.00
6197;1.00
6198;1.00
6199;1.02
6200;1.04
6201;4.37
6202;12.15
6203;13.63
6204;11.46
6205;9.81
6206;10.94
6207;12.24
6208;12.00
6209;7.22
6210;3.18
6211;1.23
6212;1.01
6213;1.00
6214;1.00
6215;1.00
6216;1.00
6217;1.00
6218;1.00
6219;1.00
6220;1.00
6221;1.00
6222;1.00
6223;1.02
6224;1.04
6225;4.35
6226;14.19
6227;17.52
6228;12.33
6229;9.82
6230;12.28
6231;14.68
6232;13.49
6233;7.49
6234;3.20
6235;1.24
6236;1.01
6237;1.00
6238;1.00
6239;1.00
6240;1.00
6241;1.00
6242;1.00
6243;1.00
6244;1.00
6245;1.00
6246;1.00
6247;1.00
6248;1.00
6249;1.10
6250;3.12
6251;4.91
6252;1.88
6253;1.00
6254;2.34
6255;3.45
6256;2.49
6257;1.26
6258;1.00
6259;1.00
6260;1.00
6261;1.00
6262;1.00
6263;1.00
6264;1.00
6265;1.00
6266;1.00
6267;1.00
6268;1.00
6269;1.00
6270;1.00
6271;1.00
6272;1.00
6273;1.00
6274;1.02
6275;1.16
6276;1.10
6277;1.01
6278;1.04
6279;1.11
6280;1.09
6281;1.03
6282;1.00
6283;1.00
6284;1.00
6285;1.00
6286;1.00
6287;1.00
6288;1.00
6289;1.00
6290;1.00
6291;1.00
6292;1.00
6293;1.00
6294;1.00
6295;1.02
6296;1.03
6297;2.74
6298;11.05
6299;13.48
6300;11.47
6301;9.82
6302;10.96
6303;12.32
6304;12.08
6305;7.29
6306;3.23
6307;1.26
6308;1.01
6309;1.00
6310;1.00
6311;1.00
6312;1.00
6313;1.00
6314;1.00
6315;1.00
6316;1.00
6317;1.00
6318;1.00
6319;1.02
6320;1.04
6321;4.33
6322;14.15
6323;17.52
6324;12.33
6325;9.82
6326;12.27
6327;14.67
6328;13.49
6329;7.49
6330;3.19
6331;1.24
6332;1.01
6333;1.00
6334;1.00
6335;1.00
6336;1.00
6337;1.00
6338;1.00
6339;1.00
6340;1.00
6341;1.00
6342;1.00
6343;1.02
6344;1.04
6345;4.28
6346;12.10
6347;13.76
6348;11.55
6349;9.84
6350;10.97
6351;12.32
6352;12.08
6353;7.30
6354;3.24
6355;1.27
6356;1.01
6357;1.00
6358;1.00
6359;1.00
6360;1.00
6361;1.00
6362;1.00
6363;1.00
6364;1.00
6365;1.00
6366;1.00
6367;1.02
6368;1.04
6369;4.28
6370;12.07
6371;13.60
6372;11.44
6373;9.83
6374;10.93
6375;12.22
6376;11.99
6377;7.26
6378;3.23
6379;1.26
6380;1.01
6381;1.00
6382;1.00
6383;1.00
6384;1.00
6385;1.00
6386;1.00
6387;1.00
6388;1.00
6389;1.00
6390;1.00
6391;1.02
6392;1.04
6393;4.31
6394;14.13
6395;17.51
6396;12.33
6397;9.83
6398;12.27
6399;14.67
6400;13.49
6401;7.51
6402;3.22
6403;1.25
6404;1.01
6405;1.00
6406;1.00
6407;1.00
6408;1.00
6409;1.00
6410;1.00
6411;1.00
6412;1.00
6413;1.00
6414;1.00
6415;1.00
6416;1.00
6417;1.10
6418;3.10
6419;4.90
6420;1.89
6421;1.00
6422;2.34
6423;3.44
6424;2.50
6425;1.26
6426;1.00
6427;1.00
6428;1.00
6429;1.00
6430;1.00
6431;1.00
6432;1.00
6433;1.00
6434;1.00
6435;1.00
6436;1.00
6437;1.00
6438;1.00
6439;1.00
6440;1.00
6441;1.00
6442;1.02
6443;1.16
6444;1.11
6445;1.01
6446;1.04
6447;1.11
6448;1.09
6449;1.03
6450;1.00
6451;1.00
6452;1.00
6453;1.00
6454;1.00
6455;1.00
6456;1.00
6457;1.00
6458;1.00
6459;1.00
6460;1.00
6461;1.00
6462;1.00
6463;1.02
6464;1.03
6465;2.73
6466;11.03
6467;13.47
6468;11.47
6469;9.82
6470;10.96
6471;12.32
6472;12.08
6473;7.29
6474;3.23
6475;1.26
6476;1.01
6477;1.00
6478;1.00
6479;1.00
6480;1.00
6481;1.00
6482;1.00
6483;1.00
6484;1.00
6485;1.00
6486;1.00
6487;1.02
6488;1.04
6489;4.32
6490;14.14
6491;17.51
6492;12.33
6493;9.82
6494;12.27
6495;14.67
6496;13.49
6497;7.51
6498;3.21
6499;1.25
6500;1.01
6501;1.00
6502;1.00
6503;1.00
6504;1.00
6505;1.00
6506;1.00
6507;1.00
6508;1.00
6509;1.00
6510;1.00
6511;1.02
6512;1.04
6513;4.33
6514;12.14
6515;13.78
6516;11.55
6517;9.83
6518;10.97
6519;12.33
6520;12.09
6521;7.27
6522;3.20
6523;1.24
6524;1.01
6525;1.00
6526;1.00
6527;1.00
6528;1.00
6529;1.00
6530;1.00
6531;1.00
6532;1.00
6533;1.00
6534;1.00
6535;1.02
6536;1.04
6537;4.33
6538;12.11
6539;13.61
6540;11.45
6541;9.82
6542;10.93
6543;12.22
6544;12.00
6545;7.25
6546;3.22
6547;1.25
6548;1.01
6549;1.00
6550;1.00
6551;1.00
6552;1.00
6553;1.00
6554;1.00
6555;1.00
6556;1.00
6557;1.00
6558;1.00
6559;1.02
6560;1.04
6561;4.30
6562;14.12
6563;17.51
6564;12.33
6565;9.83
6566;12.27
6567;14.66
6568;13.49
6569;7.52
6570;3.23
6571;1.26
6572;1.01
6573;1.00
6574;1.00
6575;1.00
6576;1.00
6577;1.00
6578;1.00
6579;1.00
6580;1.00
6581;1.00
6582;1.00
6583;1.00
6584;1.00
6585;1.10
6586;3.11
6587;4.91
6588;1.88
6589;1.00
6590;2.34
6591;3.45
6592;2.49
6593;1.26
6594;1.00
6595;1.00
6596;1.00
6597;1.00
6598;1.00
6599;1.00
6600;1.00
6601;1.00
6602;1.00
6603;1.00
6604;1.00
6605;1.00
6606;1.00
6607;1.00
6608;1.00
6609;1.00
6610;1.02
6611;1.16
6612;1.10
6613;1.01
6614;1.04
6615;1.11
6616;1.09
6617;1.03
6618;1.00
6619;1.00
6620;1.00
6621;1.00
6622;1.00
6623;1.00
6624;1.00
6625;1.00
6626;1.00
6627;1.00
6628;1.00
6629;1.00
6630;1.00
6631;1.02
6632;1.03
6633;2.79
6634;11.13
6635;13.50
6636;11.48
6637;9.81
6638;10.97
6639;12.33
6640;12.09
6641;7.27
6642;3.20
6643;1.24
6644;1.01
6645;1.00
6646;1.00
6647;1.00
6648;1.00
6649;1.00
6650;1.00
6651;1.00
6652;1.00
6653;1.00
6654;1.00
6655;1.02
6656;1.04
6657;4.31
6658;14.15
6659;17.51
6660;12.33
6661;9.83
6662;12.27
6663;14.66
6664;13.49
6665;7.52
6666;3.23
6667;1.26
6668;1.01
6669;1.00
6670;1.00
6671;1.00
6672;1.00
6673;1.00
6674;1.00
6675;1.00
6676;1.00
6677;1.00
6678;1.00
6679;1.02
6680;1.04
6681;4.30
6682;12.11
6683;13.77
6684;11.55
6685;9.84
6686;10.97
6687;12.32
6688;12.09
6689;7.30
6690;3.24
6691;1.26
6692;1.01
6693;1.00
6694;1.00
6695;1.00
6696;1.00
6697;1.00
6698;1.00
6699;1.00
6700;1.00
6701;1.00
6702;1.00
6703;1.02
6704;1.04
6705;4.31
6706;12.09
6707;13.61
6708;11.44
6709;9.82
6710;10.93
6711;12.22
6712;12.00
6713;7.26
6714;3.22
6715;1.26
6716;1.01
6717;1.00
6718;1.00
6719;1.00
6720;1.00
6721;1.00
6722;1.00
6723;1.00
6724;1.00
6725;1.00
6726;1.00
6727;1.02
6728;1.04
6729;4.31
6730;14.13
6731;17.51
6732;12.33
6733;9.83
6734;12.27
6735;14.66
6736;13.49
6737;7.51
6738;3.22
6739;1.25
6740;1.01
6741;1.00
6742;1.00
6743;1.00
6744;1.00
6745;1.00
6746;1.00
6747;1.00
6748;1.00
6749;1.00
6750;1.00
6751;1.00
6752;1.00
6753;1.10
6754;3.11
6755;4.91
6756;1.88
6757;1.00
6758;2.34
6759;3.45
6760;2.49
6761;1.26
6762;1.00
6763;1.00
6764;1.00
6765;1.00
6766;1.00
6767;1.00
6768;1.00
6769;1.00
6770;1.00
6771;1.00
6772;1.00
6773;1.00
6774;1.00
6775;1.00
6776;1.00
6777;1.00
6778;1.02
6779;1.16
6780;1.10
6781;1.01
6782;1.04
6783;1.11
6784;1.09
6785;1.03
6786;1.00
6787;1.00
6788;1.00
6789;1.00
6790;1.00
6791;1.00
6792;1.00
6793;1.00
6794;1.00
6795;1.00
6796;1.00
6797;1.00
6798;1.00
6799;1.02
6800;1.03
6801;2.77
6802;11.10
6803;13.49
6804;11.47
6805;9.82
6806;10.96
6807;12.32
6808;12.09
6809;7.29
6810;3.23
6811;1.26
6812;1.01
6813;1.00
6814;1.00
6815;1.00
6816;1.00
6817;1.00
6818;1.00
6819;1.00
6820;1.00
6821;1.00
6822;1.00
6823;1.02
6824;1.04
6825;4.28
6826;14.10
6827;17.50
6828;12.33
6829;9.83
6830;12.27
6831;14.66
6832;13.49
6833;7.52
6834;3.23
6835;1.26
6836;1.01
6837;1.00
6838;1.00
6839;1.00
6840;1.00
6841;1.00
6842;1.00
6843;1.00
6844;1.00
6845;1.00
6846;1.00
6847;1.02
6848;1.04
6849;4.33
6850;12.13
6851;13.77
6852;11.55
6853;9.83
6854;10.97
6855;12.33
6856;12.09
6857;7.27
6858;3.20
6859;1.24
6860;1.01
6861;1.00
6862;1.00
6863;1.00
6864;1.00
6865;1.00
6866;1.00
6867;1.00
6868;1.00
6869;1.00
6870;1.00
6871;1.02
6872;1.04
6873;4.31
6874;12.10
6875;13.61
6876;11.45
6877;9.82
6878;10.93
6879;12.22
6880;12.00
6881;7.26
6882;3.22
6883;1.25
6884;1.01
6885;1.00
6886;1.00
6887;1.00
6888;1.00
6889;1.00
6890;1.00
6891;1.00
6892;1.00
6893;1.00
6894;1.00
6895;1.02
6896;1.04
6897;4.34
6898;14.16
6899;17.52
6900;12.33
6901;9.82
6902;12.28
6903;14.67
6904;13.49
6905;7.49
6906;3.19
6907;1.24
6908;1.01
6909;1.00
6910;1.00
6911;1.00
6912;1.00
6913;1.00
6914;1.00
6915;1.00
6916;1.00
6917;1.00
6918;1.00
6919;1.00
6920;1.00
6921;1.10
6922;3.12
6923;4.91
6924;1.88
6925;1.00
6926;2.35
6927;3.45
6928;2.49
6929;1.25
6930;1.00
6931;1.00
6932;1.00
6933;1.00
6934;1.00
6935;1.00
6936;1.00
6937;1.00
6938;1.00
6939;1.00
6940;1.00
6941;1.00
6942;1.00
6943;1.00
6944;1.00
6945;1.00
6946;1.02
6947;1.16
6948;1.10
6949;1.01
6950;1.04
6951;1.11
6952;1.09
6953;1.03
6954;1.00
6955;1.00
6956;1.00
6957;1.00
6958;1.00
6959;1.00
6960;1.00
6961;1.00
6962;1.00
6963;1.00
6964;1.00
6965;1.00
6966;1.00
6967;1.02
6968;1.03
6969;2.74
6970;11.05
6971;13.48
6972;11.47
6973;9.82
6974;10.96
6975;12.33
6976;12.09
6977;7.29
6978;3.23
6979;1.26
6980;1.01
6981;1.00
6982;1.00
6983;1.00
6984;1.00
6985;1.00
6986;1.00
6987;1.00
6988;1.00
6989;1.00
6990;1.00
6991;1.02
6992;1.04
6993;4.30
6994;14.13
6995;17.51
6996;12.33
6997;9.83
6998;12.27
6999;14.66
7000;13.49
7001;7.52
7002;3.24
7003;1.27
7004;1.01
7005;1.00
7006;1.00
7007;1.00
7008;1.00
7009;1.00
7010;1.00
7011;1.00
7012;1.00
7013;1.00
7014;1.00
7015;1.02
7016;1.04
7017;4.27
7018;12.07
7019;13.76
7020;11.54
7021;9.84
7022;10.96
7023;12.32
7024;12.08
7025;7.31
7026;3.26
7027;1.28
7028;1.01
7029;1.00
7030;1.00
7031;1.00
7032;1.00
7033;1.00
7034;1.00
7035;1.00
7036;1.00
7037;1.00
7038;1.00
7039;1.02
7040;1.04
7041;4.25
7042;12.03
7043;13.59
7044;11.44
7045;9.83
7046;10.92
7047;12.20
7048;11.99
7049;7.28
7050;3.27
7051;1.29
7052;1.01
7053;1.00
7054;1.00
7055;1.00
7056;1.00
7057;1.00
7058;1.00
7059;1.00
7060;1.00
7061;1.00
7062;1.00
7063;1.02
7064;1.04
7065;4.22
7066;14.02
7067;17.48
7068;12.33
7069;9.83
7070;12.25
7071;14.64
7072;13.48
7073;7.54
7074;3.28
7075;1.29
7076;1.01
7077;1.00
7078;1.00
7079;1.00
7080;1.00
7081;1.00
7082;1.00
7083;1.00
7084;1.00
7085;1.00
7086;1.00
7087;1.00
7088;1.00
7089;1.10
7090;3.10
7091;4.90
7092;1.89
7093;1.00
7094;2.34
7095;3.44
7096;2.50
7097;1.26
7098;1.00
7099;1.00
7100;1.00
7101;1.00
7102;1.00
7103;1.00
7104;1.00
7105;1.00
7106;1.00
7107;1.00
7108;1.00
7109;1.00
7110;1.00
7111;1.00
7112;1.00
7113;1.00
7114;1.02
7115;1.16
7116;1.11
7117;1.01
7118;1.04
7119;1.11
7120;1.09
7121;1.03
7122;1.00
7123;1.00
7124;1.00
7125;1.00
7126;1.00
7127;1.00
7128;1.00
7129;1.00
7130;1.00
7131;1.00
7132;1.00
7133;1.00
7134;1.00
7135;1.02
7136;1.03
7137;2.67
7138;10.92
7139;13.44
7140;11.45
7141;9.82
7142;10.95
7143;12.31
7144;12.08
7145;7.31
7146;3.27
7147;1.28
7148;1.01
7149;1.00
7150;1.00
7151;1.00
7152;1.00
7153;1.00
7154;1.00
7155;1.00
7156;1.00
7157;1.00
7158;1.00
7159;1.02
7160;1.04
7161;4.27
7162;14.08
7163;17.50
7164;12.33
7165;9.83
7166;12.26
7167;14.66
7168;13.49
7169;7.53
7170;3.25
7171;1.27
7172;1.01
7173;1.00
7174;1.00
7175;1.00
7176;1.00
7177;1.00
7178;1.00
7179;1.00
7180;1.00
7181;1.00
7182;1.00
7183;1.02
7184;1.04
7185;4.30
7186;12.09
7187;13.76
7188;11.55
7189;9.84
7190;10.97
7191;12.32
7192;12.08
7193;7.29
7194;3.24
7195;1.26
7196;1.01
7197;1.00
7198;1.00
7199;1.00
7200;1.00
7201;1.00
7202;1.00
7203;1.00
7204;1.00
7205;1.00
7206;1.00
7207;1.02
7208;1.04
7209;4.29
7210;12.08
7211;13.60
7212;11.44
7213;9.83
7214;10.93
7215;12.22
7216;11.99
7217;7.27
7218;3.24
7219;1.27
7220;1.01
7221;1.00
7222;1.00
7223;1.00
7224;1.00
7225;1.00
7226;1.00
7227;1.00
7228;1.00
7229;1.00
7230;1.00
7231;1.02
7232;1.04
7233;4.25
7234;14.06
7235;17.49
7236;12.33
7237;9.83
7238;12.26
7239;14.65
7240;13.49
7241;7.54
7242;3.27
7243;1.28
7244;1.01
7245;1.00
7246;1.00
7247;1.00
7248;1.00
7249;1.00
7250;1.00
7251;1.00
7252;1.00
7253;1.00
7254;1.00
7255;1.00
7256;1.00
7257;1.10
7258;3.10
7259;4.90
7260;1.89
7261;1.00
7262;2.34
7263;3.44
7264;2.50
7265;1.26
7266;1.00
7267;1.00
7268;1.00
7269;1.00
7270;1.00
7271;1.00
7272;1.00
7273;1.00
7274;1.00
7275;1.00
7276;1.00
7277;1.00
7278;1.00
7279;1.00
7280;1.00
7281;1.00
7282;1.02
7283;1.16
7284;1.11
7285;1.01
7286;1.04
7287;1.11
7288;1.09
7289;1.03
7290;1.00
7291;1.00
7292;1.00
7293;1.00
7294;1.00
7295;1.00
7296;1.00
7297;1.00
7298;1.00
7299;1.00
7300;1.00
7301;1.00
7302;1.00
7303;1.02
7304;1.03
7305;2.69
7306;10.97
7307;13.45
7308;11.46
7309;9.82
7310;10.96
7311;12.31
7312;12.08
7313;7.30
7314;3.26
7315;1.27
7316;1.01
7317;1.00
7318;1.00
7319;1.00
7320;1.00
7321;1.00
7322;1.00
7323;1.00
7324;1.00
7325;1.00
7326;1.00
7327;1.02
7328;1.04
7329;4.28
7330;14.09
7331;17.50
7332;12.33
7333;9.83
7334;12.27
7335;14.66
7336;13.49
7337;7.53
7338;3.24
7339;1.27
7340;1.01
7341;1.00
7342;1.00
7343;1.00
7344;1.00
7345;1.00
7346;1.00
7347;1.00
7348;1.00
7349;1.00
7350;1.00
7351;1.02
7352;1.04
7353;4.30
7354;12.10
7355;13.77
7356;11.55
7357;9.84
7358;10.97
7359;12.33
7360;12.09
7361;7.29
7362;3.23
7363;1.26
7364;1.01
7365;1.00
7366;1.00
7367;1.00
7368;1.00
7369;1.00
7370;1.00
7371;1.00
7372;1.00
7373;1.00
7374;1.00
7375;1.02
7376;1.04
7377;4.31
7378;12.09
7379;13.61
7380;11.44
7381;9.82
7382;10.93
7383;12.22
7384;12.00
7385;7.26
7386;3.23
7387;1.26
7388;1.01
7389;1.00
7390;1.00
7391;1.00
7392;1.00
7393;1.00
7394;1.00
7395;1.00
7396;1.00
7397;1.00
7398;1.00
7399;1.02
7400;1.04
7401;4.30
7402;14.12
7403;17.51
7404;12.33
7405;9.83
7406;12.27
7407;14.66
7408;13.49
7409;7.52
7410;3.23
7411;1.26
7412;1.01
7413;1.00
7414;1.00
7415;1.00
7416;1.00
7417;1.00
7418;1.00
7419;1.00
7420;1.00
7421;1.00
7422;1.00
7423;1.00
7424;1.00
7425;1.10
7426;3.11
7427;4.90
7428;1.89
7429;1.00
7430;2.34
7431;3.44
7432;2.49
7433;1.26
7434;1.00
7435;1.00
7436;1.00
7437;1.00
7438;1.00
7439;1.00
7440;1.00
7441;1.00
7442;1.00
7443;1.00
7444;1.00
7445;1.00
7446;1.00
7447;1.00
7448;1.00
7449;1.00
7450;1.02
7451;1.16
7452;1.11
7453;1.01
7454;1.04
7455;1.11
7456;1.09
7457;1.03
7458;1.00
7459;1.00
7460;1.00
7461;1.00
7462;1.00
7463;1.00
7464;1.00
7465;1.00
7466;1.00
7467;1.00
7468;1.00
7469;1.00
7470;1.00
7471;1.02
7472;1.03
7473;2.73
7474;11.04
7475;13.47
7476;11.47
7477;9.82
7478;10.96
7479;12.32
7480;12.08
7481;7.30
7482;3.24
7483;1.26
7484;1.01
7485;1.00
7486;1.00
7487;1.00
7488;1.00
7489;1.00
7490;1.00
7491;1.00
7492;1.00
7493;1.00
7494;1.00
7495;1.02
7496;1.04
7497;4.28
7498;14.10
7499;17.50
7500;12.33
7501;9.83
7502;12.27
7503;14.66
7504;13.49
7505;7.52
7506;3.24
7507;1.27
7508;1.01
7509;1.00
7510;1.00
7511;1.00
7512;1.00
7513;1.00
7514;1.00
7515;1.00
7516;1.00
7517;1.00
7518;1.00
7519;1.02
7520;1.04
7521;4.29
7522;12.09
7523;13.76
7524;11.55
7525;9.84
7526;10.97
7527;12.32
7528;12.08
7529;7.30
7530;3.24
7531;1.27
7532;1.01
7533;1.00
7534;1.00
7535;1.00
7536;1.00
7537;1.00
7538;1.00
7539;1.00
7540;1.00
7541;1.00
7542;1.00
7543;1.02
7544;1.04
7545;4.27
7546;12.06
7547;13.60
7548;11.44
7549;9.83
7550;10.92
7551;12.21
7552;11.99
7553;7.27
7554;3.26
7555;1.28
7556;1.01
7557;1.00
7558;1.00
7559;1.00
7560;1.00
7561;1.00
7562;1.00
7563;1.00
7564;1.00
7565;1.00
7566;1.00
7567;1.02
7568;1.04
7569;4.27
7570;14.08
7571;17.50
7572;12.33
7573;9.83
7574;12.26
7575;14.65
7576;13.49
7577;7.53
7578;3.26
7579;1.28
7580;1.01
7581;1.00
7582;1.00
7583;1.00
7584;1.00
7585;1.00
7586;1.00
7587;1.00
7588;1.00
7589;1.00
7590;1.00
7591;1.00
7592;1.00
7593;1.10
7594;3.10
7595;4.90
7596;1.89
7597;1.00
7598;2.34
7599;3.44
7600;2.50
7601;1.26
7602;1.00
7603;1.00
7604;1.00
7605;1.00
7606;1.00
7607;1.00
7608;1.00
7609;1.00
7610;1.00
7611;1.00
7612;1.00
7613;1.00
7614;1.00
7615;1.00
7616;1.00
7617;1.00
7618;1.02
7619;1.16
7620;1.11
7621;1.01
7622;1.04
7623;1.11
7624;1.09
7625;1.03
7626;1.00
7627;1.00
7628;1.00
7629;1.00
7630;1.00
7631;1.00
7632;1.00
7633;1.00
7634;1.00
7635;1.00
7636;1.00
7637;1.00
7638;1.00
7639;1.02
7640;1.03
7641;2.70
7642;10.98
7643;13.45
7644;11.46
7645;9.82
7646;10.96
7647;12.32
7648;12.08
7649;7.30
7650;3.25
7651;1.27
7652;1.01
7653;1.00
7654;1.00
7655;1.00
7656;1.00
7657;1.00
7658;1.00
7659;1.00
7660;1.00
7661;1.00
7662;1.00
7663;1.02
7664;1.04
7665;4.31
7666;14.12
7667;17.51
7668;12.33
7669;9.83
7670;12.27
7671;14.66
7672;13.49
7673;7.52
7674;3.24
7675;1.26
7676;1.01
7677;1.00
7678;1.00
7679;1.00
7680;1.00
7681;1.00
7682;1.00
7683;1.00
7684;1.00
7685;1.00
7686;1.00
7687;1.02
7688;1.04
7689;4.31
7690;12.10
7691;13.77
7692;11.55
7693;9.84
7694;10.97
7695;12.32
7696;12.09
7697;7.30
7698;3.25
7699;1.27
7700;1.01
7701;1.00
7702;1.00
7703;1.00
7704;1.00
7705;1.00
7706;1.00
7707;1.00
7708;1.00
7709;1.00
7710;1.00
7711;1.02
7712;1.04
7713;4.27
7714;12.05
7715;13.60
7716;11.44
7717;9.83
7718;10.92
7719;12.21
7720;11.99
7721;7.28
7722;3.27
7723;1.28
7724;1.01
7725;1.00
7726;1.00
7727;1.00
7728;1.00
7729;1.00
7730;1.00
7731;1.00
7732;1.00
7733;1.00
7734;1.00
7735;1.02
7736;1.04
7737;4.27
7738;14.08
7739;17.50
7740;12.33
7741;9.83
7742;12.26
7743;14.65
7744;13.49
7745;7.53
7746;3.26
7747;1.28
7748;1.01
7749;1.00
7750;1.00
7751;1.00
7752;1.00
7753;1.00
7754;1.00
7755;1.00
7756;1.00
7757;1.00
7758;1.00
7759;1.00
7760;1.00
7761;1.10
7762;3.11
7763;4.91
7764;1.89
7765;1.00
7766;2.34
7767;3.44
7768;2.50
7769;1.26
7770;1.00
7771;1.00
7772;1.00
7773;1.00
7774;1.00
7775;1.00
7776;1.00
7777;1.00
7778;1.00
7779;1.00
7780;1.00
7781;1.00
7782;1.00
7783;1.00
7784;1.00
7785;1.00
7786;1.02
7787;1.16
7788;1.11
7789;1.01
7790;1.04
7791;1.11
7792;1.09
7793;1.03
7794;1.00
7795;1.00
7796;1.00
7797;1.00
7798;1.00
7799;1.00
7800;1.00
7801;1.00
7802;1.00
7803;1.00
7804;1.00
7805;1.00
7806;1.00
7807;1.02
7808;1.03
7809;2.69
7810;10.96
7811;13.45
7812;11.46
7813;9.82
7814;10.95
7815;12.31
7816;12.08
7817;7.31
7818;3.27
7819;1.28
7820;1.01
7821;1.00
7822;1.00
7823;1.00
7824;1.00
7825;1.00
7826;1.00
7827;1.00
7828;1.00
7829;1.00
7830;1.00
7831;1.02
7832;1.04
7833;4.27
7834;14.07
7835;17.49
7836;12.33
7837;9.83
7838;12.26
7839;14.65
7840;13.49
7841;7.54
7842;3.27
7843;1.28
7844;1.01
7845;1.00
7846;1.00
7847;1.00
7848;1.00
7849;1.00
7850;1.00
7851;1.00
7852;1.00
7853;1.00
7854;1.00
7855;1.02
7856;1.04
7857;4.28
7858;12.07
7859;13.76
7860;11.54
7861;9.84
7862;10.96
7863;12.32
7864;12.08
7865;7.30
7866;3.26
7867;1.27
7868;1.01
7869;1.00
7870;1.00
7871;1.00
7872;1.00
7873;1.00
7874;1.00
7875;1.00
7876;1.00
7877;1.00
7878;1.00
7879;1.02
7880;1.04
7881;4.32
7882;12.09
7883;13.61
7884;11.44
7885;9.82
7886;10.93
7887;12.22
7888;12.00
7889;7.25
7890;3.22
7891;1.25
7892;1.01
7893;1.00
7894;1.00
7895;1.00
7896;1.00
7897;1.00
7898;1.00
7899;1.00
7900;1.00
7901;1.00
7902;1.00
7903;1.02
7904;1.04
7905;4.37
7906;14.19
7907;17.53
7908;12.33
7909;9.82
7910;12.28
7911;14.68
7912;13.49
7913;7.49
7914;3.19
7915;1.24
7916;1.01
7917;1.00
7918;1.00
7919;1.00
7920;1.00
7921;1.00
7922;1.00
7923;1.00
7924;1.00
7925;1.00
7926;1.00
7927;1.00
7928;1.00
7929;1.11
7930;3.13
7931;4.91
7932;1.87
7933;1.00
7934;2.35
7935;3.45
7936;2.49
7937;1.25
7938;1.00
7939;1.00
7940;1.00
7941;1.00
7942;1.00
7943;1.00
7944;1.00
7945;1.00
7946;1.00
7947;1.00
7948;1.00
7949;1.00
7950;1.00
7951;1.00
7952;1.00
7953;1.00
7954;1.02
7955;1.16
7956;1.10
7957;1.01
7958;1.04
7959;1.11
7960;1.09
7961;1.03
7962;1.00
7963;1.00
7964;1.00
7965;1.00
7966;1.00
7967;1.00
7968;1.00
7969;1.00
7970;1.00
7971;1.00
7972;1.00
7973;1.00
7974;1.00
7975;1.02
7976;1.03
7977;2.73
7978;11.04
7979;13.47
7980;11.47
7981;9.82
7982;10.96
7983;12.32
7984;12.08
7985;7.30
7986;3.25
7987;1.27
7988;1.01
7989;1.00
7990;1.00
7991;1.00
7992;1.00
7993;1.00
7994;1.00
7995;1.00
7996;1.00
7997;1.00
7998;1.00
7999;1.02
8000;1.04
8001;4.26
8002;14.07
8003;17.49
8004;12.33
8005;9.83
8006;12.26
8007;14.65
8008;13.49
8009;7.54
8010;3.28
8011;1.29
8012;1.01
8013;1.00
8014;1.00
8015;1.00
8016;1.00
8017;1.00
8018;1.00
8019;1.00
8020;1.00
8021;1.00
8022;1.00
8023;1.02
8024;1.04
8025;4.25
8026;12.04
8027;13.75
8028;11.54
8029;9.84
8030;10.95
8031;12.30
8032;12.07
8033;7.32
8034;3.29
8035;1.29
8036;1.01
8037;1.00
8038;1.00
8039;1.00
8040;1.00
8041;1.00
8042;1.00
8043;1.00
8044;1.00
8045;1.00
8046;1.00
8047;1.02
8048;1.04
8049;4.26
8050;12.03
8051;13.59
8052;11.44
8053;9.83
8054;10.91
8055;12.20
8056;11.98
8057;7.28
8058;3.28
8059;1.29
8060;1.01
8061;1.00
8062;1.00
8063;1.00
8064;1.00
8065;1.00
8066;1.00
8067;1.00
8068;1.00
8069;1.00
8070;1.00
8071;1.02
8072;1.04
8073;4.28
8074;14.08
8075;17.50
8076;12.33
8077;9.83
8078;12.26
8079;14.65
8080;13.49
8081;7.53
8082;3.26
8083;1.27
8084;1.01
8085;1.00
8086;1.00
8087;1.00
8088;1.00
8089;1.00
8090;1.00
8091;1.00
8092;1.00
8093;1.00
8094;1.00
8095;1.00
8096;1.00
8097;1.10
8098;3.11
8099;4.91
8100;1.88
8101;1.00
8102;2.34
8103;3.44
8104;2.49
8105;1.26
8106;1.00
8107;1.00
8108;1.00
8109;1.00
8110;1.00
8111;1.00
8112;1.00
8113;1.00
8114;1.00
8115;1.00
8116;1.00
8117;1.00
8118;1.00
8119;1.00
8120;1.00
8121;1.00
8122;1.02
8123;1.16
8124;1.11
8125;1.01
8126;1.04
8127;1.11
8128;1.09
8129;1.03
8130;1.00
8131;1.00
8132;1.00
8133;1.00
8134;1.00
8135;1.00
8136;1.00
8137;1.00
8138;1.00
8139;1.00
8140;1.00
8141;1.00
8142;1.00
8143;1.02
8144;1.03
8145;2.72
8146;11.01
8147;13.47
8148;11.46
8149;9.82
8150;10.96
8151;12.31
8152;12.08
8153;7.31
8154;3.27
8155;1.28
8156;1.01
8157;1.00
8158;1.00
8159;1.00
8160;1.00
8161;1.00
8162;1.00
8163;1.00
8164;1.00
8165;1.00
8166;1.00
8167;1.02
8168;1.04
8169;4.27
8170;14.07
8171;17.49
8172;12.33
8173;9.83
8174;12.26
8175;14.64
8176;13.48
8177;7.54
8178;3.28
8179;1.29
8180;1.01
8181;1.00
8182;1.00
8183;1.00
8184;1.00
8185;1.00
8186;1.00
8187;1.00
8188;1.00
8189;1.00
8190;1.00
8191;1.02
8192;1.04
8193;4.26
8194;12.05
8195;13.75
8196;11.54
8197;9.84
8198;10.96
8199;12.31
8200;12.08
8201;7.31
8202;3.28
8203;1.29
8204;1.01
8205;1.00
8206;1.00
8207;1.00
8208;1.00
8209;1.00
8210;1.00
8211;1.00
8212;1.00
8213;1.00
8214;1.00
8215;1.02
8216;1.04
8217;4.28
8218;12.06
8219;13.60
8220;11.44
8221;9.83
8222;10.92
8223;12.21
8224;11.99
8225;7.27
8226;3.26
8227;1.28
8228;1.01
8229;1.00
8230;1.00
8231;1.00
8232;1.00
8233;1.00
8234;1.00
8235;1.00
8236;1.00
8237;1.00
8238;1.00
8239;1.02
8240;1.04
8241;4.29
8242;14.10
8243;17.50
8244;12.33
8245;9.83
8246;12.27
8247;14.66
8248;13.49
8249;7.52
8250;3.24
8251;1.27
8252;1.01
8253;1.00
8254;1.00
8255;1.00
8256;1.00
8257;1.00
8258;1.00
8259;1.00
8260;1.00
8261;1.00
8262;1.00
8263;1.00
8264;1.00
8265;1.10
8266;3.11
8267;4.91
8268;1.89
8269;1.00
8270;2.34
8271;3.44
8272;2.49
8273;1.26
8274;1.00
8275;1.00
8276;1.00
8277;1.00
8278;1.00
8279;1.00
8280;1.00
8281;1.00
8282;1.00
8283;1.00
8284;1.00
8285;1.00
8286;1.00
8287;1.00
8288;1.00
8289;1.00
8290;1.02
8291;1.16
8292;1.11
8293;1.01
8294;1.04
8295;1.11
8296;1.09
8297;1.03
8298;1.00
8299;1.00
8300;1.00
8301;1.00
8302;1.00
8303;1.00
8304;1.00
8305;1.00
8306;1.00
8307;1.00
8308;1.00
8309;1.00
8310;1.00
8311;1.02
8312;1.03
8313;2.72
8314;11.01
8315;13.46
8316;11.46
8317;9.82
8318;10.95
8319;12.31
8320;12.08
8321;7.31
8322;3.27
8323;1.28
8324;1.01
8325;1.00
8326;1.00
8327;1.00
8328;1.00
8329;1.00
8330;1.00
8331;1.00
8332;1.00
8333;1.00
8334;1.00
8335;1.02
8336;1.04
8337;4.28
8338;14.08
8339;17.50
8340;12.33
8341;9.83
8342;12.26
8343;14.66
8344;13.49
8345;7.53
8346;3.25
8347;1.27
8348;1.01
8349;1.00
8350;1.00
8351;1.00
8352;1.00
8353;1.00
8354;1.00
8355;1.00
8356;1.00
8357;1.00
8358;1.00
8359;1.02
8360;1.04
8361;4.29
8362;12.09
8363;13.76
8364;11.55
8365;9.84
8366;10.96
8367;12.32
8368;12.08
8369;7.31
8370;3.25
8371;1.27
8372;1.01
8373;1.00
8374;1.00
8375;1.00
8376;1.00
8377;1.00
8378;1.00
8379;1.00
8380;1.00
8381;1.00
8382;1.00
8383;1.02
8384;1.04
8385;4.25
8386;12.04
8387;13.59
8388;11.44
8389;9.83
8390;10.92
8391;12.20
8392;11.99
8393;7.28
8394;3.27
8395;1.28
8396;1.01
8397;1.00
8398;1.00
8399;1.00
8400;1.00
8401;1.00
8402;1.00
8403;1.00
8404;1.00
8405;1.00
8406;1.00
8407;1.02
8408;1.04
8409;4.28
8410;14.08
8411;17.50
8412;12.33
8413;9.83
8414;12.26
8415;14.66
8416;13.49
8417;7.53
8418;3.25
8419;1.27
8420;1.01
8421;1.00
8422;1.00
8423;1.00
8424;1.00
8425;1.00
8426;1.00
8427;1.00
8428;1.00
8429;1.00
8430;1.00
8431;1.00
8432;1.00
8433;1.10
8434;3.11
8435;4.90
8436;1.89
8437;1.00
8438;2.34
8439;3.44
8440;2.49
8441;1.26
8442;1.00
8443;1.00
8444;1.00
8445;1.00
8446;1.00
8447;1.00
8448;1.00
8449;1.00
8450;1.00
8451;1.00
8452;1.00
8453;1.00
8454;1.00
8455;1.00
8456;1.00
8457;1.00
8458;1.02
8459;1.16
8460;1.11
8461;1.01
8462;1.04
8463;1.11
8464;1.09
8465;1.03
8466;1.00
8467;1.00
8468;1.00
8469;1.00
8470;1.00
8471;1.00
8472;1.00
8473;1.00
8474;1.00
8475;1.00
8476;1.00
8477;1.00
8478;1.00
8479;1.02
8480;1.03
8481;2.76
8482;11.08
8483;13.49
8484;11.47
8485;9.82
8486;10.96
8487;12.32
8488;12.09
8489;7.30
8490;3.24
8491;1.27
8492;1.01
8493;1.00
8494;1.00
8495;1.00
8496;1.00
8497;1.00
8498;1.00
8499;1.00
8500;1.00
8501;1.00
8502;1.00
8503;1.02
8504;1.04
8505;4.28
8506;14.09
8507;17.50
8508;12.33
8509;9.83
8510;12.26
8511;14.65
8512;13.49
8513;7.54
8514;3.26
8515;1.28
8516;1.01
8517;1.00
8518;1.00
8519;1.00
8520;1.00
8521;1.00
8522;1.00
8523;1.00
8524;1.00
8525;1.00
8526;1.00
8527;1.02
8528;1.04
8529;4.28
8530;12.08
8531;13.76
8532;11.54
8533;9.84
8534;10.96
8535;12.32
8536;12.08
8537;7.31
8538;3.26
8539;1.28
8540;1.01
8541;1.00
8542;1.00
8543;1.00
8544;1.00
8545;1.00
8546;1.00
8547;1.00
8548;1.00
8549;1.00
8550;1.00
8551;1.02
8552;1.04
8553;4.29
8554;12.06
8555;13.60
8556;11.44
8557;9.83
8558;10.92
8559;12.21
8560;11.99
8561;7.27
8562;3.25
8563;1.27
8564;1.01
8565;1.00
8566;1.00
8567;1.00
8568;1.00
8569;1.00
8570;1.00
8571;1.00
8572;1.00
8573;1.00
8574;1.00
8575;1.02
8576;1.04
8577;4.28
8578;14.09
8579;17.50
8580;12.33
8581;9.83
8582;12.27
8583;14.66
8584;13.49
8585;7.53
8586;3.24
8587;1.27
8588;1.01
8589;1.00
8590;1.00
8591;1.00
8592;1.00
8593;1.00
8594;1.00
8595;1.00
8596;1.00
8597;1.00
8598;1.00
8599;1.00
8600;1.00
8601;1.10
8602;3.11
8603;4.90
8604;1.89
8605;1.00
8606;2.34
8607;3.44
8608;2.49
8609;1.26
8610;1.00
8611;1.00
8612;1.00
8613;1.00
8614;1.00
8615;1.00
8616;1.00
8617;1.00
8618;1.00
8619;1.00
8620;1.00
8621;1.00
8622;1.00
8623;1.00
8624;1.00
8625;1.00
8626;1.02
8627;1.16
8628;1.11
8629;1.01
8630;1.04
8631;1.11
8632;1.09
8633;1.03
8634;1.00
8635;1.00
8636;1.00
8637;1.00
8638;1.00
8639;1.00
8640;1.00
8641;1.00
8642;1.00
8643;1.00
8644;1.00
8645;1.00
8646;1.00
8647;1.02
8648;1.03
8649;2.78
8650;11.11
8651;13.50
8652;11.48
8653;9.81
8654;10.97
8655;12.34
8656;12.09
8657;7.27
8658;3.20
8659;1.24
8660;1.01
8661;1.00
8662;1.00
8663;1.00
8664;1.00
8665;1.00
8666;1.00
8667;1.00
8668;1.00
8669;1.00
8670;1.00
8671;1.02
8672;1.04
8673;4.34
8674;14.16
8675;17.52
8676;12.33
8677;9.82
8678;12.27
8679;14.67
8680;13.49
8681;7.52
8682;3.23
8683;1.26
8684;1.01
8685;1.00
8686;1.00
8687;1.00
8688;1.00
8689;1.00
8690;1.00
8691;1.00
8692;1.00
8693;1.00
8694;1.00
8695;1.02
8696;1.04
8697;4.30
8698;12.10
8699;13.77
8700;11.55
8701;9.84
8702;10.97
8703;12.33
8704;12.09
8705;7.29
8706;3.23
8707;1.26
8708;1.01
8709;1.00
8710;1.00
8711;1.00
8712;1.00
8713;1.00
8714;1.00
8715;1.00
8716;1.00
8717;1.00
8718;1.00
8719;1.02
8720;1.04
8721;4.32
8722;12.09
8723;13.61
8724;11.44
8725;9.82
8726;10.93
8727;12.22
8728;12.00
8729;7.26
8730;3.22
8731;1.26
8732;1.01
8733;1.00
8734;1.00
8735;1.00
8736;1.00
8737;1.00
8738;1.00
8739;1.00
8740;1.00
8741;1.00
8742;1.00
8743;1.02
8744;1.04
8745;4.32
8746;14.14
8747;17.51
8748;12.33
8749;9.82
8750;12.27
8751;14.67
8752;13.49
8753;7.51
8754;3.22
8755;1.25
8756;1.01
8757;1.00
8758;1.00
8759;1.00
