;0;1;2;3;4;5;6;7
vars;Heating plant sensible load;Cooling + dehum plant load;Lighting gain;Equipment gain;Solar gain;People gain;Humidification plant load;ApSys air supply
A-AF0001 Afvalberging;0.0;0.02595574951171875;0.0;0.0;0.00013026942312717438;0.0;0.0;0.0
A-AF0002 Afvalberging;0.0;0.01846636199951172;0.0;0.0;0.0002785016894340515;0.0;0.0;0.0
A-BE0001 berging;0.0;0.0;0.0;0.0;0.0;0.0;0.0;0.0
A-BE0101 berging;0.0;0.0;0.0;0.0;3.7100373301655053e-06;0.0;0.0;0.0
A-BE0201 berging;0.0;0.0;0.0;0.0;0.0;0.0;0.0;0.0
A-BE0301 berging;0.0;0.0;0.0;0.0;0.0;0.0;0.0;0.0
A-BE0401 berging;0.0;0.0;0.0;0.0;0.0;0.0;0.0;0.0
A-BE0501 berging;0.0;0.0;0.0;0.0;0.0;0.0;0.0;0.0
A-CO0001 Office;1.777000244140625;0.7380524291992188;0.21319998168945312;0.105;0.54666357421875;0.105;0.0;0.010217134840786457
A-EH0001 EHBO;0.0;0.0;0.0;0.0;0.0;0.0;0.0;0.0
A-GA0001 Gang;2.4203242187500003;0.3934081726074219;0.0;0.0;0.2930741882324219;0.0;0.0;0.0
A-GA00031 Flex desks;2.0278497314453126;2.6702238769531252;0.6056000366210937;0.735;2.15542919921875;0.735;0.0;0.11791597306728363
A-GA0015 Office;1.2502000732421876;1.6130460205078125;0.25000001525878907;0.36;1.6731414794921875;0.9;0.0;0.13333147764205933
A-GA0016 Office;0.631699951171875;1.140207763671875;0.12630001068115235;0.18;1.6039478759765626;0.45;0.0;0.0666656419634819
A-GA0017 Office;0.6300044555664063;0.544402587890625;0.12650000762939453;0.18;0.0016725908517837525;0.45;0.0;0.0666671171784401
A-GA0102 Makerspace;5.973986328125;5.26079052734375;1.0166400146484376;0.42;4.84036865234375;0.42;0.0;0.051659733057022095
A-GA0103 Flex desks;2.1150732421875;2.7894758300781253;0.6053599853515625;0.315;3.0951550292968752;0.315;0.0;0.047881655395030975
A-GA0104 Gang;0.5668467407226563;0.0358466796875;0.12736000061035158;0.0;0.676566162109375;0.0;0.0;0.0
A-GA0201 Gang;0.0;0.0;0.0;0.0;0.0008717373609542847;0.0;0.0;0.0
A-GA0204 Gang;0.0;0.0;0.0;0.0;0.0;0.0;0.0;0.0
A-GA0240 Gang;0.1550263671875;0.0;0.0;0.0;0.0;0.0;0.0;0.0
A-GA0401 Gang;0.0;0.0;0.0;0.0;0.0;0.0;0.0;0.0
A-IN0001 Inkom;4.31708837890625;1.6718908691406251;0.2742399597167969;0.22680001831054689;2.729414794921875;0.3675;0.0;0.05027298256754875
A-IN0002 Inkom;0.20862989807128907;0.018068485260009766;0.0;0.0;0.0016557163000106812;0.0;0.0;0.0
A-KE0001 Office;1.300065673828125;0.32299884033203125;0.16255996704101563;0.105;0.00038610544800758364;0.105;0.0;0.014145715162158012
A-KO0006 Koker;0.0;0.04821076202392578;0.0;0.0;0.0;0.0;0.0;0.0
A-KO0101 Koker;0.0;0.0;0.0;0.0;0.0;0.0;0.0;0.0
A-KO0102 Koker;0.0;0.0;0.0;0.0;0.004174862861633301;0.0;0.0;0.0
A-KO0104 Koker;0.0;0.0;0.0;0.0;0.0;0.0;0.0;0.0
A-KO0105 Koker;0.0;0.0;0.0;0.0;0.0;0.0;0.0;0.0
A-KO0106 Koker;0.0;0.0;0.0;0.0;0.0;0.0;0.0;0.0
A-KO0201 Koker;0.0;0.0;0.0;0.0;0.0;0.0;0.0;0.0
A-KO0202 Koker;0.0;0.0;0.0;0.0;0.0;0.0;0.0;0.0
A-KO0205 Koker;0.0;0.0;0.0;0.0;0.0;0.0;0.0;0.0
A-KO0206 Koker;0.0;0.0;0.0;0.0;0.0;0.0;0.0;0.0
A-KO0301 Koker;0.0;0.0;0.0;0.0;0.0;0.0;0.0;0.0
A-KO0302 Koker;0.0;0.0;0.0;0.0;0.0;0.0;0.0;0.0
A-KO0305 Koker;0.0;0.0;0.0;0.0;0.0;0.0;0.0;0.0
A-KO0306 Koker;0.0;0.0;0.0;0.0;0.0;0.0;0.0;0.0
A-KO0401 Koker;0.0;0.0;0.0;0.0;0.0;0.0;0.0;0.0
A-KO0402 Koker;0.0;0.0;0.0;0.0;0.0;0.0;0.0;0.0
A-KO0405 Koker;0.0;0.0;0.0;0.0;0.0;0.0;0.0;0.0
A-KO0406 Koker;0.0;0.0;0.0;0.0;0.0;0.0;0.0;0.0
A-KO0501 Koker;0.0;0.0;0.0;0.0;0.0;0.0;0.0;0.0
A-KO0502 Koker;0.0;0.0;0.0;0.0;0.0;0.0;0.0;0.0
A-KO0505 Koker;0.0;0.0;0.0;0.0;0.0;0.0;0.0;0.0
A-KO0506 Koker;0.0;0.0;0.0;0.0;0.0;0.0;0.0;0.0
A-KO0601 Koker;0.0;0.027811859130859377;0.0;0.0;0.0;0.0;0.0;0.0
A-KO0602 Koker;0.0;0.023548566818237304;0.0;0.0;0.0;0.0;0.0;0.0
A-KO0606 Koker;0.0;0.026823354721069337;0.0;0.0;0.0;0.0;0.0;0.0
A-LI0001 Lift;0.0;0.0;0.0;0.0;0.0;0.0;0.0;0.0
A-LI0101 [TS] Shaft;0.0;0.0;0.0;0.0;0.0;0.0;0.0;0.0
A-LI0201 [TS] Shaft;0.0;0.0;0.0;0.0;0.0;0.0;0.0;0.0
A-LI0301 [TS] Shaft;0.0;0.0;0.0;0.0;0.0;0.0;0.0;0.0
A-LI0401 [TS] Shaft;0.0;0.0;0.0;0.0;0.00533120346069336;0.0;0.0;0.0
A-LI0501 [TS] Shaft;0.0;0.0;0.0;0.0;0.0;0.0;0.0;0.0
A-OF0201 kantoorruimte;9.6730869140625;10.4597119140625;2.129599853515625;1.575;7.05742236328125;1.575;0.0;0.2353246659040451
A-OF0202 kantoorruimte;8.9005380859375;10.27764453125;2.36647998046875;1.6275;8.598216796875;1.6275;0.0;0.24570083618164062
A-OF0203 kantoorruimte;5.9366416015625;8.491802734375;1.1547999267578126;0.84;8.3793232421875;0.84;0.0;0.12486427277326584
A-OF0204 kantoorruimte;5.31149072265625;7.2251162109375;1.20543994140625;0.84;6.6363427734375;0.84;0.0;0.12748479843139648
A-OF0301 kantoorruimte;11.6164853515625;11.357001953125;2.129599853515625;1.575;7.3696835937500005;1.575;0.0;0.23532481491565704
A-OF0302 kantoorruimte;7.322876953125;9.415912109375;2.36647998046875;1.6275;6.25567041015625;1.6275;0.0;0.24569861590862274
A-OF0303 kantoorruimte;6.3992763671875;8.873642578125;1.1547999267578126;0.84;8.364105468750001;0.84;0.0;0.12486420571804047
A-OF0304 kantoorruimte;6.23326953125;7.1639609375;1.20543994140625;0.84;6.1068642578125;0.84;0.0;0.1274847835302353
A-OF0401 kantoorruimte;11.632662109375;11.3388095703125;2.129599853515625;1.575;7.636658203125;1.575;0.0;0.23532481491565704
A-OF0402 kantoorruimte;7.371150390625;9.1116591796875;2.36647998046875;1.6275;6.66952685546875;1.6275;0.0;0.24569866061210632
A-OF0403 kantoorruimte;6.45722900390625;9.085287109375;1.1547999267578126;0.84;8.6953486328125;0.84;0.0;0.12486420571804047
A-OF0404 kantoorruimte;6.33138525390625;7.631498046875;1.20543994140625;0.84;6.76432763671875;0.84;0.0;0.1274847686290741
A-OF0501 kantoorruimte;11.7379580078125;10.735607421875;2.129599853515625;1.575;7.658251953125;1.575;0.0;0.23453322052955627
A-OF0502 kantoorruimte;8.3871513671875;10.5879228515625;2.36647998046875;1.6275;9.5274287109375;1.6275;0.0;0.244094118475914
A-OF0503 kantoorruimte;6.64315576171875;9.3167841796875;1.1547999267578126;0.84;9.2413671875;0.84;0.0;0.12440110743045807
A-OF0504 kantoorruimte;6.8248857421875;10.262926757812501;1.20543994140625;0.84;10.873341796875;0.84;0.0;0.1271846741437912
A-SA0101/1 Sanitair;0.0;0.0;0.0;0.0;3.1110957264900206e-05;0.0;0.0;0.0
A-SA0102 Sanitair;0.0;0.0;0.0;0.0;0.0;0.0;0.0;0.0
A-SA0103/1 Sanitair;0.0;0.0;0.0;0.0;0.0;0.0;0.0;0.0
A-SA0201/1 Sanitair;0.0;0.0;0.0;0.0;0.0;0.0;0.0;0.0
A-SA0202 Sanitair;0.0;0.0;0.0;0.0;0.0;0.0;0.0;0.0
A-SA0203/1 Sanitair;0.0;0.0;0.0;0.0;0.0;0.0;0.0;0.0
A-SA0301/1 Sanitair;0.0;0.0;0.0;0.0;0.0;0.0;0.0;0.0
A-SA0302 Sanitair;0.0;0.0;0.0;0.0;0.0;0.0;0.0;0.0
A-SA0303/1 Sanitair;0.0;0.0;0.0;0.0;0.0;0.0;0.0;0.0
A-SA0401/1 Sanitair;0.0;0.0;0.0;0.0;0.0;0.0;0.0;0.0
A-SA0402 Sanitair;0.0;0.0;0.0;0.0;0.0;0.0;0.0;0.0
A-SA0403/1 Sanitair;0.0;0.0;0.0;0.0;0.0;0.0;0.0;0.0
A-SA0501/1 Sanitair;0.0;0.0;0.0;0.0;0.0;0.0;0.0;0.0
A-SA0502 Sanitair;0.0;0.0;0.0;0.0;0.0;0.0;0.0;0.0
A-SA0503/1 Sanitair;0.0;0.0;0.0;0.0;0.0;0.0;0.0;0.0
A-TL0001 technisch lokaal;0.0;0.0;0.0;0.0;0.0;0.0;0.0;0.0
A-TL0101 technisch lokaal;0.0;0.0;0.0;0.0;0.0;0.0;0.0;0.0
A-TL0201 technisch lokaal;0.0;0.0;0.0;0.0;0.0;0.0;0.0;0.0
A-TL0301 technisch lokaal;0.0;0.0;0.0;0.0;0.0;0.0;0.0;0.0
A-TL0401 technisch lokaal;0.0;0.0;0.0;0.0;0.0;0.0;0.0;0.0
A-TL0501 technisch lokaal;0.0;0.0;0.0;0.0;0.0;0.0;0.0;0.0
A-TR0201 [GEN] Stairway;0.0;0.0;0.0;0.0;6.0223061591386795e-06;0.0;0.0;0.0
A-TR0202 [GEN] Stairway;0.0;0.0;0.0;0.0;0.0003493802547454834;0.0;0.0;0.0
A-TR0301 [GEN] Stairway;0.0;0.0;0.0;0.0;0.0;0.0;0.0;0.0
A-TR0302 [GEN] Stairway;0.0;0.0;0.0;0.0;0.0;0.0;0.0;0.0
A-TR0401 [GEN] Stairway;0.0;0.0;0.0;0.0;0.0;0.0;0.0;0.0
A-TR0402 [GEN] Stairway;0.0;0.0;0.0;0.0;0.0003493802845478058;0.0;0.0;0.0
A-TR0501 [GEN] Stairway;0.0;0.0;0.0;0.0;0.0;0.0;0.0;0.0
A-TR0502 [GEN] Stairway;0.0;0.0;0.0;0.0;0.0;0.0;0.0;0.0
A-TR0602 [GEN] Stairway;0.0;0.06025693511962891;0.0;0.0;1.019746826171875;0.0;0.0;0.0
A-TR0603 [GEN] Stairway;0.0;0.049847656250000004;0.0;0.0;1.0198834838867188;0.0;0.0;0.0
A0003 A-SA0001/1;0.0;0.03971578216552735;0.0;0.0;0.0;0.0;0.0;0.0
A000501 [TS] Shaft;0.0;0.08832017517089844;0.0;0.0;1.2702568359375;0.0;0.0;0.0
A0006 [GEN] Stairway;0.0;0.0;0.0;0.0;0.0;0.0;0.0;0.0
A0007 [GEN] Stairway;0.0;0.06073165512084961;0.0;0.0;0.0;0.0;0.0;0.0
A010001 Afwas;0.0;0.015282454490661622;0.0;0.0;0.04950958251953125;0.0;0.0;0.0
A010002 technisch lokaal;0.0;0.0;0.0;0.0;3.505853936076164e-05;0.0;0.0;0.0
A010003 technisch lokaal;0.0;0.0;0.0;0.0;0.0012540121078491212;0.0;0.0;0.0
A010004 technisch lokaal;0.0;0.0027977769374847414;0.0;0.0;0.05943936538696289;0.0;0.0;0.0
A0107 Makerspace;10.3357802734375;13.323541015625;2.201039794921875;0.8925000000000001;13.7374912109375;0.8925000000000001;0.0;0.12439744919538498
A0113 [GEN] Stairway;0.0;0.0;0.0;0.0;0.0;0.0;0.0;0.0
A0114 creative studio;2.0149530029296874;2.108554931640625;0.49429998779296874;0.75;0.0001422404944896698;1.875;0.0;0.27777764201164246
A0114 [GEN] Stairway;0.0;0.0;0.0;0.0;6.275329738855362e-05;0.0;0.0;0.0
A1 6P;0.7487999877929687;0.8607579345703125;0.1498000030517578;0.18;0.49725909423828124;0.45;0.0;0.06632009148597717
A10 6P;0.49708807373046876;0.5539967041015625;0.14840000915527343;0.18;6.0140695422887804e-05;0.45;0.0;0.06666676700115204
A11 6P;0.4974818115234375;0.5684205932617188;0.14800001525878906;0.18;0.004130078315734863;0.45;0.0;0.06666694581508636
A12 6P;0.4864649353027344;0.55340966796875;0.14639999389648437;0.18;0.0004330229163169861;0.45;0.0;0.06666689366102219
A13 6P;0.4754314880371094;0.5373294677734375;0.14969999694824218;0.18;0.0022146673202514647;0.45;0.0;0.06666629761457443
A14 8P;0.9049000244140625;1.5038371582031251;0.18100001525878906;0.24;1.6906397705078124;0.6;0.0;0.08743727207183838
A15 6P;0.46682666015625;0.5013127136230469;0.14639999389648437;0.18;0.0;0.45;0.0;0.0666663646697998
A16 10P;1.0675999755859376;1.6764766845703125;0.21350003051757813;0.3;2.868294921875;0.75;0.0;0.10975249111652374
A17 20P;2.4539001464843753;3.71458935546875;0.49079998779296874;0.6;6.4798300781250004;1.5;0.0;0.22020114958286285
A2 6P;0.6846868286132812;0.6457854614257813;0.14180000305175783;0.18;0.003089622497558594;0.45;0.0;0.0666663646697998
A3 12P;1.3429000244140625;2.428471923828125;0.26860000610351564;0.36;1.8597734375000001;0.9;0.0;0.13231821358203888
A4 10P;1.0285999755859376;1.858378662109375;0.20569998168945314;0.3;4.63368798828125;0.75;0.0;0.10932289808988571
A5 12P;0.8643053588867188;1.0347406005859374;0.3103000183105469;0.36;0.0;0.9;0.0;0.13333401083946228
A6 8P;0.5804166259765625;0.6112646484375001;0.19940000915527345;0.24;0.016286228179931642;0.6;0.0;0.08888884633779526
A7 10P;0.7454257202148438;0.8971023559570312;0.2725;0.3;0.0;0.75;0.0;0.1111113503575325
A8 12P;0.8744208374023438;1.1373525390625001;0.3103000183105469;0.36;0.000211697056889534;0.9;0.0;0.13333214819431305
A9 6P;0.47897467041015623;0.5027547302246094;0.1485;0.18;0.0;0.45;0.0;0.0666668564081192
B-0202 [HP] Apartment;0.35783755493164066;1.184709716796875;0.11668000793457031;0.12;1.645400634765625;0.15;0.0;0.022223645821213722
B-0203 [HP] Apartment;0.49609051513671876;1.94162109375;0.14353999328613282;0.12;2.759130126953125;0.15;0.0;0.02222377434372902
B-0204 [HP] Apartment;0.983098388671875;1.861078857421875;0.15121998596191408;0.12;2.27693408203125;0.15;0.0;0.02221904695034027
B-0205 [HP] Apartment;0.4080794677734375;0.8406611938476563;0.10341999053955078;0.12;0.9013096313476563;0.15;0.0;0.022220339626073837
B-0206 [HP] Apartment;0.39000491333007814;0.8453132324218751;0.10405998992919922;0.12;0.8842401123046875;0.15;0.0;0.02222089096903801
B-0207 [HP] Apartment;0.61777734375;0.8403265380859375;0.09831999206542968;0.12;0.8418157348632813;0.15;0.0;0.022223150357604027
B-0208 [HP] Apartment;0.19617742919921877;0.43177642822265627;0.08293999481201172;0.12;0.5492584228515626;0.15;0.0;0.022221161052584648
B-0209 [HP] Apartment;0.2701868591308594;0.4749267883300781;0.07347999572753906;0.12;0.5483970947265625;0.15;0.0;0.022221527993679047
B-0210 [HP] Apartment;0.9985583496093751;2.6555319824218753;0.13702000427246094;0.12;3.665623779296875;0.15;0.0;0.022223656997084618
B-0301 [HP] Apartment;0.9403782958984375;2.684032470703125;0.13702000427246094;0.12;3.786615234375;0.15;0.0;0.022223656997084618
B-0302 [HP] Apartment;0.3549228820800781;1.1568463134765625;0.11668000793457031;0.12;1.6528018798828126;0.15;0.0;0.022223645821213722
B-0303 [HP] Apartment;0.49627215576171874;1.972552734375;0.14353999328613282;0.12;2.82501171875;0.15;0.0;0.02222377434372902
B-0304 [HP] Apartment;0.9810313110351563;2.065787109375;0.15121998596191408;0.12;2.4788176269531252;0.15;0.0;0.02221904695034027
B-0305 [HP] Apartment;0.40221093750000003;0.8338086547851563;0.10341999053955078;0.12;0.9050511474609375;0.15;0.0;0.022220339626073837
B-0306 [HP] Apartment;0.38620709228515626;0.8498966064453125;0.10405998992919922;0.12;0.9075006713867187;0.15;0.0;0.02222089096903801
B-0307 [HP] Apartment;0.5478558349609375;0.8556654052734375;0.09831999206542968;0.12;0.846939453125;0.15;0.0;0.022223150357604027
B-0308 [HP] Apartment;0.17982325744628908;0.4303798828125;0.08293999481201172;0.12;0.5511791381835938;0.15;0.0;0.022221161052584648
B-0309 [HP] Apartment;0.26048797607421875;0.4347005615234375;0.07347999572753906;0.12;0.5507322387695313;0.15;0.0;0.022221527993679047
B-0401 [HP] Apartment;0.9406556396484376;2.662906982421875;0.13702000427246094;0.12;3.7915922851562502;0.15;0.0;0.022223656997084618
B-0402 [HP] Apartment;0.3515436096191406;1.15271484375;0.11668000793457031;0.12;1.653315185546875;0.15;0.0;0.022223645821213722
B-0403 [HP] Apartment;0.49252932739257815;1.965147216796875;0.14353999328613282;0.12;2.825798828125;0.15;0.0;0.02222377434372902
B-0404 [HP] Apartment;0.939390625;1.8655938720703125;0.15121998596191408;0.12;2.181704345703125;0.15;0.0;0.02221904695034027
B-0405 [HP] Apartment;0.400638671875;0.8269759521484376;0.10341999053955078;0.12;0.9064003295898437;0.15;0.0;0.022220339626073837
B-0406 [HP] Apartment;0.34241830444335936;0.7606126708984375;0.10405998992919922;0.12;0.7802238159179687;0.15;0.0;0.02222089096903801
B-0407 [HP] Apartment;0.5859469604492188;0.8918834838867188;0.09831999206542968;0.12;0.919037353515625;0.15;0.0;0.022223150357604027
B-0408 [HP] Apartment;0.17845834350585937;0.43136590576171874;0.08293999481201172;0.12;0.551293701171875;0.15;0.0;0.022221161052584648
B-0409 [HP] Apartment;0.2585022888183594;0.43385159301757814;0.07347999572753906;0.12;0.5510947875976563;0.15;0.0;0.022221527993679047
B-0501 [HP] Apartment;0.9626627807617187;2.650416259765625;0.13702000427246094;0.12;3.793886474609375;0.15;0.0;0.022223656997084618
B-0502 [HP] Apartment;0.36517935180664063;1.146596435546875;0.11668000793457031;0.12;1.6548375244140625;0.15;0.0;0.022223645821213722
B-0503 [HP] Apartment;0.53726953125;2.152412109375;0.14353999328613282;0.12;3.13903759765625;0.15;0.0;0.02222377434372902
B-0504 [HP] Apartment;0.9560716552734375;1.868133544921875;0.15121998596191408;0.12;2.18756201171875;0.15;0.0;0.02221904695034027
B-0505 [HP] Apartment;0.4178046875;0.823301513671875;0.10341999053955078;0.12;0.908260498046875;0.15;0.0;0.022220339626073837
B-0506 [HP] Apartment;0.3521474609375;0.7571119995117188;0.10405998992919922;0.12;0.780226806640625;0.15;0.0;0.02222089096903801
B-0507 [HP] Apartment;0.593279296875;0.8904310302734375;0.09831999206542968;0.12;0.9224884643554687;0.15;0.0;0.022223150357604027
B-0508 [HP] Apartment;0.1855901641845703;0.42994696044921876;0.08293999481201172;0.12;0.5513271484375;0.15;0.0;0.022221161052584648
B-0509 [HP] Apartment;0.2634677734375;0.4327038269042969;0.07347999572753906;0.12;0.5511202392578125;0.15;0.0;0.022221527993679047
B-0601 [HP] Apartment;1.22203515625;2.637203369140625;0.13702000427246094;0.12;3.88194873046875;0.15;0.0;0.02222185581922531
B-0602 [HP] Apartment;0.53187109375;1.0875072021484375;0.11668000793457031;0.12;1.65864453125;0.15;0.0;0.02222178503870964
B-0603 [HP] Apartment;0.7281562500000001;2.067278076171875;0.14353999328613282;0.12;3.14076025390625;0.15;0.0;0.022220883518457413
B-0604 [HP] Apartment;1.2459622802734376;1.81105224609375;0.15121998596191408;0.12;2.226252197265625;0.15;0.0;0.022221332415938377
B-0605 [HP] Apartment;0.5843350219726563;0.7839512329101562;0.10341999053955078;0.12;0.909505615234375;0.15;0.0;0.022222016006708145
B-0606 [HP] Apartment;0.4935091552734375;0.7290559692382813;0.10405998992919922;0.12;0.78104443359375;0.15;0.0;0.02222084067761898
B-0607 [HP] Apartment;0.67617578125;0.8303935546875;0.09831999206542968;0.12;0.8608642578125;0.15;0.0;0.02222113125026226
B-0608 [HP] Apartment;0.2942015075683594;0.4128379211425781;0.08293999481201172;0.12;0.5520911254882812;0.15;0.0;0.022221924737095833
B-0609 [HP] Apartment;0.36036526489257814;0.4206748046875;0.07347999572753906;0.12;0.5519147338867187;0.15;0.0;0.022223489359021187
B-AF0001 Afvalberging;0.0;0.10425424194335937;0.0;0.0;0.0013494564294815063;0.0;0.0;0.0
B-AF0002 Afvalberging;0.0;0.019808168411254882;0.0;0.0;0.14551972961425783;0.0;0.0;0.0
B-AF0004 Afvalberging;0.0;0.16950164794921876;0.0;0.0;0.652913330078125;0.0;0.0;0.0
B-BE0001 berging;0.0;0.0;0.0;0.0;0.0;0.0;0.0;0.0
B-BE0101 berging;0.0;0.0;0.0;0.0;0.0;0.0;0.0;0.0
B-FI0002 fietspunt;0.0;0.08070972442626953;0.0;0.0;0.3145380249023438;0.0;0.0;0.0
B-FO0101 upfood;11.99084375;18.22309375;2.972;0.75;20.11373828125;3.75;0.0;0.520534336566925
B-GA0001 Gang;0.0;0.0;0.0;0.0;0.0030489630699157715;0.0;0.0;0.0
B-GA0002 Gang;0.0;0.04592753601074219;0.0;0.0;7.105730473995208e-05;0.0;0.0;0.0
B-GA0003 Gang;0.0;0.29262997436523436;0.0;0.0;0.737591796875;0.0;0.0;0.0
B-GA0101 Gang;0.3233000183105469;0.3233000183105469;0.0;0.0;2.8279521484375;0.0;0.0;0.0
B-GA0102 Gang;0.18851889038085937;0.013763998031616211;0.0;0.0;0.0063937330245971685;0.0;0.0;0.0
B-GA0201 [GEN] Circulation;0.0;0.0;0.0;0.0;0.30906195068359377;0.0;0.0;0.0
B-GA0202 [HP] Circulation;0.0;0.0;0.044339996337890625;0.0;0.0;0.0;0.0;0.0
B-GA0301 [GEN] Circulation;0.0;0.0;0.0;0.0;0.622630615234375;0.0;0.0;0.0
B-GA0302 [HP] Circulation;0.0;0.0;0.044339996337890625;0.0;0.007965671539306642;0.0;0.0;0.0
B-GA0401 [GEN] Circulation;0.0;0.0;0.0;0.0;0.6234978637695313;0.0;0.0;0.0
B-GA0402 [HP] Circulation;0.0;0.0;0.044339996337890625;0.0;0.008896109580993652;0.0;0.0;0.0
B-GA0501 [GEN] Circulation;0.0;0.0;0.0;0.0;0.31401806640625;0.0;0.0;0.0
B-GA0502 [HP] Circulation;0.0;0.0;0.044339996337890625;0.0;0.03947148895263672;0.0;0.0;0.0
B-GA0601 [GEN] Circulation;0.0;0.006742257595062256;0.0;0.0;0.3147938842773438;0.0;0.0;0.0
B-GA0602 [HP] Circulation;0.0;0.0;0.044339996337890625;0.0;0.02103266525268555;0.0;0.0;0.0
B-GR0101 Gemeenschappelijke ruimte;5.7026005859375;5.7026005859375;0.6842999877929687;0.315;8.04344677734375;1.575;0.0;0.1451086699962616
B-IN0001 Inkom;0.0;0.0615779914855957;0.0;0.0;0.8296041870117188;0.0;0.0;0.0
B-IN0002 Inkom;0.0;0.054868011474609374;0.0;0.0;1.286146728515625;0.0;0.0;0.0
B-KO0001 Koker;0.0;0.0;0.0;0.0;0.00028830015659332274;0.0;0.0;0.0
B-KO0102 Koker;0.0;0.0;0.0;0.0;0.0037672104835510256;0.0;0.0;0.0
B-KO0202 Koker;0.0;0.0;0.0;0.0;0.0;0.0;0.0;0.0
B-KO0302 Koker;0.0;0.0;0.0;0.0;0.0;0.0;0.0;0.0
B-KO0402 Koker;0.0;0.0;0.0;0.0;0.0;0.0;0.0;0.0
B-KO0502 Koker;0.0;0.0;0.0;0.0;0.0;0.0;0.0;0.0
B-KO0602 Koker;0.0;0.0;0.0;0.0;0.0;0.0;0.0;0.0
B-LI0001 Lift;0.0;0.0;0.0;0.0;0.0005035274028778076;0.0;0.0;0.0
B-LI0101 Lift;0.0;0.0;0.0;0.0;0.0008566572666168213;0.0;0.0;0.0
B-LI0102 Lift;0.0;0.011229560852050782;0.0;0.0;0.0;0.0;0.0;0.0
B-LI0201 Lift;0.0;0.0;0.0;0.0;0.0;0.0;0.0;0.0
B-LI0301 Lift;0.0;0.0;0.0;0.0;0.0;0.0;0.0;0.0
B-LI0401 Lift;0.0;0.0;0.0;0.0;0.0;0.0;0.0;0.0
B-LI0501 Lift;0.0;0.0;0.0;0.0;0.0;0.0;0.0;0.0
B-LI0601 Lift;0.0;0.00484520435333252;0.0;0.0;0.0;0.0;0.0;0.0
B-SA0001 Sanitair;0.0;0.1153213348388672;0.0;0.0;0.0;0.0;0.0;0.0
B-SA0002 Sanitair;0.0;0.0;0.0;0.0;0.0;0.0;0.0;0.0
B-SA0003 Sanitair;0.0;0.24147659301757812;0.0;0.0;0.0;0.0;0.0;0.0
B-SA0101 Sanitair;0.0;0.05003076934814453;0.0;0.0;1.2215831298828126;0.0;0.0;0.0
B-TL0001 technisch lokaal;0.0;0.05122906494140625;0.0;0.0;0.00029813876748085023;0.0;0.0;0.0
B-TL0002 technisch lokaal;0.0;0.024753936767578127;0.0;0.0;0.01291401195526123;0.0;0.0;0.0
B-TL0003 technisch lokaal;0.0;0.0;0.0;0.0;0.05479906463623047;0.0;0.0;0.0
B-TL0004 technisch lokaal;0.0;0.0;0.0;0.0;0.0;0.0;0.0;0.0
B-TL0005 technisch lokaal;0.0;0.1187702865600586;0.0;0.0;0.0;0.0;0.0;0.0
B-TL0006 technisch lokaal;0.0;0.0;0.0;0.0;0.0;0.0;0.0;0.0
B-TL0007 technisch lokaal;0.0;0.05637904739379883;0.0;0.0;0.0;0.0;0.0;0.0
B-TL0201 technisch lokaal;0.0;0.0;0.0;0.0;0.0;0.0;0.0;0.0
B-TL0301 technisch lokaal;0.0;0.0;0.0;0.0;0.0;0.0;0.0;0.0
B-TL0401 technisch lokaal;0.0;0.0;0.0;0.0;0.0;0.0;0.0;0.0
B-TL0501 technisch lokaal;0.0;0.0;0.0;0.0;0.0;0.0;0.0;0.0
B-TL0601 technisch lokaal;0.0;0.0;0.0;0.0;0.0;0.0;0.0;0.0
B-TR0001 [GEN] Stairway;0.0;0.04371819305419922;0.0;0.0;0.015942081451416016;0.0;0.0;0.0
B-TR0002 [GEN] Stairway;0.0;0.16656097412109375;0.0;0.0;0.43692779541015625;0.0;0.0;0.0
B-TR0101 [GEN] Stairway;0.0;0.0;0.0;0.0;0.01349785327911377;0.0;0.0;0.0
B-TR0102 [GEN] Stairway;0.0;0.014236539840698243;0.0;0.0;0.0;0.0;0.0;0.0
B-TR0201 [GEN] Stairway;0.0;0.0;0.0;0.0;0.0;0.0;0.0;0.0
B-TR0202 [GEN] Stairway;0.0;0.0;0.0;0.0;0.0;0.0;0.0;0.0
B-TR0301 [GEN] Stairway;0.0;0.0;0.0;0.0;0.0;0.0;0.0;0.0
B-TR0302 [GEN] Stairway;0.0;0.0;0.0;0.0;0.0;0.0;0.0;0.0
B-TR0401 [GEN] Stairway;0.0;0.0;0.0;0.0;0.0;0.0;0.0;0.0
B-TR0402 [GEN] Stairway;0.0;0.0;0.0;0.0;0.0;0.0;0.0;0.0
B-TR0501 [GEN] Stairway;0.0;0.0;0.0;0.0;0.0;0.0;0.0;0.0
B-TR0502 [GEN] Stairway;0.0;0.0;0.0;0.0;0.0;0.0;0.0;0.0
B-TR0601 [GEN] Stairway;0.0;0.0018184044361114501;0.0;0.0;0.0;0.0;0.0;0.0
B-TR0602 [GEN] Stairway;0.0;0.0025004069805145265;0.0;0.0;0.0;0.0;0.0;0.0
B-TR0701 [GEN] Stairway;0.0;0.09279479217529298;0.0;0.0;0.0;0.0;0.0;0.0
B-TR0702 [GEN] Stairway;0.0;0.09240567779541016;0.0;0.0;0.0;0.0;0.0;0.0
C-AU0101 [AS] Auditorium;11.763476562500001;6.8271513671875;2.368199951171875;3.6;6.1300068359375;18.0;0.0;2.4987380504608154
C-BA0101 BAR;0.5522163696289063;0.12602957916259766;0.03400000381469727;0.057;0.0042616577148437505;0.15;0.0;0.020852189511060715
C-BE0001 berging;0.0;0.038991390228271486;0.0;0.0;0.0;0.0;0.0;0.0
C-BE0101 berging;0.0;0.006966866493225097;0.0;0.0;0.0;0.0;0.0;0.0
C-BE0102 berging;0.0;0.0;0.0;0.0;4.4051267206668856e-05;0.0;0.0;0.0
C-BE0103 berging;0.0;0.0;0.0;0.0;0.0;0.0;0.0;0.0
C-BE0201 berging;0.0;0.005407415866851807;0.0;0.0;0.0;0.0;0.0;0.0
C-GA0101 Gang;0.0;0.08672733306884765;0.0;0.0;0.0;0.0;0.0;0.0
C-IN0001 Inkom;0.0;0.17176637268066405;0.0;0.0;1.5614781494140626;0.0;0.0;0.0
C-IN0002 Inkom;0.0;0.02149160385131836;0.0;0.0;0.5181795654296875;0.0;0.0;0.0
C-IN0101 Inkom;4.043500244140625;1.9967109375;0.24260000610351562;0.40400003051757816;2.341482666015625;0.75;0.0;0.07817244529724121
C-IN0102 Inkom;2.911900146484375;2.911900146484375;0.1746999969482422;0.291;8.17571728515625;0.75;0.0;0.09037725627422333
C-KE0101 Keuken;0.0;0.11548991394042969;0.24250001525878906;0.243;9.492913633584977e-05;0.375;0.0;0.055556174367666245
C-KE0102 Keuken;0.0;0.17827139282226562;0.09759999084472656;0.09800000762939454;0.0;0.375;0.0;0.05555550381541252
C-KO0001 Koker;0.0;0.012812150955200196;0.0;0.0;0.0;0.0;0.0;0.0
C-KO0002 Koker;0.0;0.0;0.0;0.0;0.0;0.0;0.0;0.0
C-KO0101 Koker;0.0;0.0;0.0;0.0;0.0;0.0;0.0;0.0
C-KO0103 [TS] Shaft;0.0;0.14479971313476564;0.0;0.0;2.1753525390625;0.0;0.0;0.0
C-LI0001 Lift;0.0;0.0;0.0;0.0;0.0;0.0;0.0;0.0
C-LI0101 Lift;0.0;0.0;0.0;0.0;5.238471925258637e-05;0.0;0.0;0.0
C-LI0201 Lift;0.0;0.0;0.0;0.0;0.0;0.0;0.0;0.0
C-SA0001 Sanitair;0.0;0.03327623748779297;0.0;0.0;0.0;0.0;0.0;0.0
C-SA0002 Sanitair;0.0;0.10001405334472656;0.0;0.0;0.0;0.0;0.0;0.0
C-SA0003 Sanitair;0.0;0.0;0.0;0.0;0.0;0.0;0.0;0.0
C-TL0001 technisch lokaal;0.0;0.021954833984375;0.0;0.0;0.0;0.0;0.0;0.0
C-TR0001 TRAP;0.0;0.12479014587402344;0.0;0.0;0.0008508133292198181;0.0;0.0;0.0
C-TR0101 [GEN] Stairway;0.0;0.013277447700500489;0.0;0.0;0.0;0.0;0.0;0.0
D-AF0001 Afvalberging;0.0;0.0;0.0;0.0;1.6015350341796875;0.0;0.0;0.0
D-BE0001 berging;0.0;0.0;0.0;0.0;0.0;0.0;0.0;0.0
D-BE0002 berging;0.0;0.0;0.0;0.0;3.1987209472656253;0.0;0.0;0.0
D-BE0101 berging;0.0;0.0;0.0;0.0;0.0;0.0;0.0;0.0
D-BE0201 berging;0.0;0.0;0.0;0.0;0.0;0.0;0.0;0.0
D-BE0301 berging;0.0;0.0;0.0;0.0;0.0;0.0;0.0;0.0
D-BE0401 berging;0.0;0.0;0.0;0.0;0.0;0.0;0.0;0.0
D-BE0501 berging;0.0;0.0;0.0;0.0;0.0;0.0;0.0;0.0
D-BE0601 berging;0.0;0.0;0.0;0.0;0.0;0.0;0.0;0.0
D-FD0001 Flex desks;1.6415562744140626;1.9271297607421876;0.28607998657226563;0.315;2.763404296875;0.315;0.0;0.04946456477046013
D-FD000101 Flex desks;1.199912841796875;1.322693603515625;0.28607998657226563;0.315;1.51044921875;0.315;0.0;0.049272529780864716
D-FD0003 Flex desks;2.52128125;4.0589208984375;0.4411200561523438;0.42;4.14751416015625;0.42;0.0;0.06493861973285675
D-FD000301 Flex desks;1.831771240234375;2.849672119140625;0.4411200561523438;0.42;2.2237866210937502;0.42;0.0;0.06462541967630386
D-GA0001 Gang;0.0;0.0;0.0;0.0;0.0;0.0;0.0;0.0
D-GA0101 Gang;0.0;0.0;0.0;0.0;0.0;0.0;0.0;0.0
D-GA0201 Gang;0.0;0.0;0.0;0.0;0.00020699094235897064;0.0;0.0;0.0
D-GA0301 Gang;0.0;0.0;0.0;0.0;0.0;0.0;0.0;0.0
D-GA0401 Gang;0.0;0.0;0.0;0.0;0.0;0.0;0.0;0.0
D-GA0501 Gang;0.0;0.0;0.0;0.0;0.0;0.0;0.0;0.0
D-GA0601 Gang;0.14915364074707033;0.0;0.0;0.0;0.0;0.0;0.0;0.0
D-KO0001 Koker;0.0;0.0;0.0;0.0;0.0;0.0;0.0;0.0
D-KO0004 Koker;0.0;0.0;0.0;0.0;0.0;0.0;0.0;0.0
D-KO0005 Koker;0.0;0.0;0.0;0.0;0.0;0.0;0.0;0.0
D-KO0006 Koker;0.0;0.0;0.0;0.0;0.0;0.0;0.0;0.0
D-KO0101 Koker;0.0;0.0;0.0;0.0;0.0;0.0;0.0;0.0
D-KO0102 Koker;0.0;0.0;0.0;0.0;0.0;0.0;0.0;0.0
D-KO0105 Koker;0.0;0.0;0.0;0.0;0.0;0.0;0.0;0.0
D-KO0106 Koker;0.0;0.0;0.0;0.0;0.0;0.0;0.0;0.0
D-KO0201 Koker;0.0;0.0;0.0;0.0;0.0;0.0;0.0;0.0
D-KO0203 Koker;0.0;0.0;0.0;0.0;0.0;0.0;0.0;0.0
D-KO0205 Koker;0.0;0.0;0.0;0.0;0.0;0.0;0.0;0.0
D-KO0206 Koker;0.0;0.0;0.0;0.0;0.0;0.0;0.0;0.0
D-KO0301 Koker;0.0;0.0;0.0;0.0;0.0;0.0;0.0;0.0
D-KO0303 Koker;0.0;0.0;0.0;0.0;0.0;0.0;0.0;0.0
D-KO0305 Koker;0.0;0.0;0.0;0.0;0.0;0.0;0.0;0.0
D-KO0306 Koker;0.0;0.0;0.0;0.0;0.0;0.0;0.0;0.0
D-KO0401 Koker;0.0;0.0;0.0;0.0;0.0;0.0;0.0;0.0
D-KO0403 Koker;0.0;0.0;0.0;0.0;0.0;0.0;0.0;0.0
D-KO0405 Koker;0.0;0.0;0.0;0.0;0.0;0.0;0.0;0.0
D-KO0406 Koker;0.0;0.0;0.0;0.0;0.0;0.0;0.0;0.0
D-KO0501 Koker;0.0;0.0;0.0;0.0;0.0;0.0;0.0;0.0
D-KO0503 Koker;0.0;0.0;0.0;0.0;0.0;0.0;0.0;0.0
D-KO0505 Koker;0.0;0.0;0.0;0.0;0.0;0.0;0.0;0.0
D-KO0506 Koker;0.0;0.0;0.0;0.0;0.0;0.0;0.0;0.0
D-KO0601 Koker;0.0;0.0;0.0;0.0;0.0;0.0;0.0;0.0
D-KO0603 Koker;0.0;0.0;0.0;0.0;0.0;0.0;0.0;0.0
D-KO0605 Koker;0.0;0.0;0.0;0.0;0.0;0.0;0.0;0.0
D-KO0606 Koker;0.0;0.0;0.0;0.0;0.0;0.0;0.0;0.0
D-KO0701 Koker;0.0;0.027321500778198244;0.0;0.0;0.008784734725952148;0.0;0.0;0.0
D-KO0703 Koker;0.0;0.02351770782470703;0.0;0.0;0.0;0.0;0.0;0.0
D-KO0706 Koker;0.0;0.026580207824707033;0.0;0.0;0.0;0.0;0.0;0.0
D-LI0001 Lift;0.0;0.0;0.0;0.0;0.0;0.0;0.0;0.0
D-LI0101 Lift;0.0;0.0;0.0;0.0;0.0;0.0;0.0;0.0
D-LI0201 Lift;0.0;0.0;0.0;0.0;0.0;0.0;0.0;0.0
D-LI0301 Lift;0.0;0.0;0.0;0.0;0.0;0.0;0.0;0.0
D-LI0401 Lift;0.0;0.0;0.0;0.0;0.0;0.0;0.0;0.0
D-LI0501 Lift;0.0;0.0;0.0;0.0;0.0;0.0;0.0;0.0
D-LI0601 Lift;0.0;0.0;0.0;0.0;0.0;0.0;0.0;0.0
D-OF0001 Makerspace;11.1843173828125;8.66077734375;1.97047998046875;0.84;6.1603173828125;0.84;0.0;0.11083953827619553
D-OF0101 [OF] Landscape Office;10.135212890625;9.385982421875001;2.248639892578125;1.5225;6.83230615234375;1.5225;0.0;0.225736603140831
D-OF0102 [OF] Landscape Office;4.9070166015625;6.934126953125;1.2736800537109376;0.84;6.4587314453125;0.84;0.0;0.12670961022377014
D-OF0103 [OF] Landscape Office;6.427365234375;8.1272744140625;1.1611999511718751;0.84;7.95048486328125;0.84;0.0;0.12507560849189758
D-OF0104 [OF] Landscape Office;9.4848671875;11.200191406250001;2.371919677734375;1.6275;9.705064453125;1.6275;0.0;0.2455267608165741
D-OF0201 [OF] Landscape Office;8.2942255859375;9.088595703125;2.2608000488281252;1.575;6.49394189453125;1.575;0.0;0.2342785894870758
D-OF0202 [OF] Landscape Office;4.26625830078125;6.1407109375;1.2736800537109376;0.84;5.16803125;0.84;0.0;0.1267084777355194
D-OF0203 [OF] Landscape Office;6.63052978515625;8.6148779296875;1.1669598388671876;0.84;8.3018857421875;0.84;0.0;0.12496620416641235
D-OF0204 [OF] Landscape Office;7.7270859375;11.1817421875;2.376480224609375;1.6275;8.6573671875;1.6275;0.0;0.24541732668876648
D-OF0301 [OF] Landscape Office;8.21883984375;9.365859375;2.26047998046875;1.575;6.2626933593750005;1.575;0.0;0.23427779972553253
D-OF0303 [OF] Landscape Office;6.59286962890625;8.4697421875;1.147919921875;0.84;8.09336181640625;0.84;0.0;0.12498589605093002
D-OF0304 [OF] Landscape Office;7.878234375;11.0277255859375;2.37631982421875;1.6275;8.938821289062501;1.6275;0.0;0.2454160898923874
D-OF032 [OF] Landscape Office;4.43099658203125;6.8649184570312505;1.2736800537109376;0.84;6.1257373046875;0.84;0.0;0.1267068088054657
D-OF0401 [OF] Landscape Office;8.2818427734375;9.225021484375;2.26047998046875;1.575;6.17921533203125;1.575;0.0;0.23427711427211761
D-OF0402 [OF] Landscape Office;4.2652529296875;6.17119775390625;1.2736800537109376;0.84;5.17210205078125;0.84;0.0;0.1267084926366806
D-OF0403 [OF] Landscape Office;6.6134091796875;8.6611044921875;1.147919921875;0.84;8.3100400390625;0.84;0.0;0.12498589605093002
D-OF0404 [OF] Landscape Office;7.742912109375;11.3438583984375;2.37631982421875;1.6275;8.2754501953125;1.6275;0.0;0.24541640281677246
D-OF0501 [OF] Landscape Office;8.232525390625;9.47880078125;2.26047998046875;1.575;6.2761821289062505;1.575;0.0;0.23427677154541016
D-OF0502 [OF] Landscape Office;4.448185546875;6.87249609375;1.2736800537109376;0.84;6.1316162109375005;0.84;0.0;0.1267080157995224
D-OF0503 [OF] Landscape Office;6.62028759765625;8.43275390625;1.147919921875;0.84;8.09960888671875;0.84;0.0;0.12498589605093002
D-OF0504 [OF] Landscape Office;7.90006005859375;10.991318359375;2.37631982421875;1.6275;8.9553857421875;1.6275;0.0;0.2454160451889038
D-OF0601 [OF] Landscape Office;9.0177900390625;10.2182744140625;2.26047998046875;1.575;6.9050771484375;1.575;0.0;0.23226255178451538
D-OF0602 [OF] Landscape Office;5.0564423828125005;8.48809765625;1.2736800537109376;0.84;8.2672265625;0.84;0.0;0.12574446201324463
D-OF0603 [OF] Landscape Office;6.7719296875;8.4402626953125;1.147919921875;0.84;8.321697265625;0.84;0.0;0.1243986263871193
D-OF0604 [OF] Landscape Office;8.15351025390625;11.348315429687501;2.37631982421875;1.6275;8.319318359375;1.6275;0.0;0.24356456100940704
D-SA0001/1 Sanitair;0.0;0.0;0.0;0.0;0.0;0.0;0.0;0.0
D-SA0002 Sanitair;0.0;0.0;0.0;0.0;0.0001898428201675415;0.0;0.0;0.0
D-SA0003/1 Sanitair;0.0;0.0;0.0;0.0;0.0;0.0;0.0;0.0
D-SA0101/1 Sanitair;0.0;0.0;0.0;0.0;0.0;0.0;0.0;0.0
D-SA0102 Sanitair;0.0;0.0;0.0;0.0;0.0;0.0;0.0;0.0
D-SA0103/1 Sanitair;0.0;0.0;0.0;0.0;0.0;0.0;0.0;0.0
D-SA0201 Sanitair;0.0;0.0;0.0;0.0;0.0;0.0;0.0;0.0
D-SA0202 Sanitair;0.0;0.0;0.0;0.0;0.0;0.0;0.0;0.0
D-SA0203 Sanitair;0.0;0.0;0.0;0.0;0.0;0.0;0.0;0.0
D-SA0301 Sanitair;0.0;0.0;0.0;0.0;0.0;0.0;0.0;0.0
D-SA0302 Sanitair;0.0;0.0;0.0;0.0;0.0;0.0;0.0;0.0
D-SA0303 Sanitair;0.0;0.0;0.0;0.0;0.0;0.0;0.0;0.0
D-SA0401 Sanitair;0.0;0.0;0.0;0.0;0.0;0.0;0.0;0.0
D-SA0402 Sanitair;0.0;0.0;0.0;0.0;0.0;0.0;0.0;0.0
D-SA0403 Sanitair;0.0;0.0;0.0;0.0;0.0;0.0;0.0;0.0
D-SA0501 Sanitair;0.0;0.0;0.0;0.0;0.0;0.0;0.0;0.0
D-SA0502 Sanitair;0.0;0.0;0.0;0.0;0.0;0.0;0.0;0.0
D-SA0503 Sanitair;0.0;0.0;0.0;0.0;0.0;0.0;0.0;0.0
D-SA0601 Sanitair;0.0;0.0;0.0;0.0;0.0;0.0;0.0;0.0
D-SA0602 Sanitair;0.0;0.0;0.0;0.0;0.0;0.0;0.0;0.0
D-SA0603 Sanitair;0.0;0.0;0.0;0.0;0.0;0.0;0.0;0.0
D-TL000001 technisch lokaal;0.0;0.0;0.0;0.0;5.5923603475093844e-05;0.0;0.0;0.0
D-TL000005 Gang;0.0;0.006301786422729492;0.0;0.0;0.4537006225585938;0.0;0.0;0.0
D-TL0001 technisch lokaal;0.0;0.0;0.0;0.0;5.5011782795190816e-05;0.0;0.0;0.0
D-TL000901 technisch lokaal;0.0;0.0;0.0;0.0;5.0697494298219685e-05;0.0;0.0;0.0
D-TL0101 technisch lokaal;0.0;0.0;0.0;0.0;0.0;0.0;0.0;0.0
D-TL0201 technisch lokaal;0.0;0.0;0.0;0.0;0.0;0.0;0.0;0.0
D-TL0301 technisch lokaal;0.0;0.0;0.0;0.0;0.0;0.0;0.0;0.0
D-TL0401 technisch lokaal;0.0;0.0;0.0;0.0;0.0;0.0;0.0;0.0
D-TL0501 technisch lokaal;0.0;0.0;0.0;0.0;0.0;0.0;0.0;0.0
D-TL0601 technisch lokaal;0.0;0.0;0.0;0.0;0.0;0.0;0.0;0.0
D-TR0001 [GEN] Stairway;0.0;0.0;0.0;0.0;0.0;0.0;0.0;0.0
D-TR0002 TRAP;0.0;0.0;0.0;0.0;0.0012642123699188232;0.0;0.0;0.0
D-TR0101 [GEN] Stairway;0.0;0.0;0.0;0.0;0.0;0.0;0.0;0.0
D-TR0102 TRAP;0.0;0.0;0.0;0.0;0.00034141603112220766;0.0;0.0;0.0
D-TR0103 [GEN] Stairway;0.0;0.0;0.0;0.0;0.0;0.0;0.0;0.0
D-TR0104 TRAP;0.0;0.0;0.0;0.0;0.00048087143898010255;0.0;0.0;0.0
D-TR0301 [GEN] Stairway;0.0;0.0;0.0;0.0;0.0;0.0;0.0;0.0
D-TR0302 TRAP;0.0;0.0;0.0;0.0;0.0003414236903190613;0.0;0.0;0.0
D-TR0401 [GEN] Stairway;0.0;0.0;0.0;0.0;0.0;0.0;0.0;0.0
D-TR0402 TRAP;0.0;0.0;0.0;0.0;0.0008621799945831299;0.0;0.0;0.0
D-TR0501 [GEN] Stairway;0.0;0.0;0.0;0.0;0.0;0.0;0.0;0.0
D-TR0502 TRAP;0.0;0.0;0.0;0.0;0.0003414236903190613;0.0;0.0;0.0
D-TR0601 [GEN] Stairway;0.0;0.0;0.0;0.0;0.0;0.0;0.0;0.0
D-TR0602 TRAP;0.0;0.0;0.0;0.0;0.0008621799945831299;0.0;0.0;0.0
D-TR0701 [GEN] Stairway;0.0;0.04978866577148438;0.0;0.0;1.0196876220703126;0.0;0.0;0.0
D-TR0702 [GEN] Stairway;0.0;0.05876888656616211;0.0;0.0;1.0196903076171875;0.0;0.0;0.0
D000001 Afwas;0.5418267211914063;0.488304443359375;0.17410000610351564;0.18;0.00047220134735107423;0.45;0.0;0.06666634976863861
D0012 pitch arena;2.2147646484375;3.5037412109375;0.5630999755859375;1.47;8.624658733606338e-05;3.6750000000000003;0.0;0.5444434881210327
D1 12P;1.0240816650390625;0.9398724975585938;0.2293000183105469;0.36;0.0008954806923866272;0.9;0.0;0.1333315074443817
D10 6P;0.5276131591796875;0.5346646728515625;0.13460000610351563;0.18;0.0;0.45;0.0;0.06665603816509247
D11 8P;0.5671923217773438;0.6321063842773438;0.171;0.24;0.00032004994153976443;0.6;0.0;0.08888823539018631
D12 6P;0.5286983642578125;0.49169833374023436;0.13460000610351563;0.18;0.0;0.45;0.0;0.06666650623083115
D13 10P;0.6614341430664062;0.8201455078125001;0.22750001525878907;0.3;0.0;0.75;0.0;0.11111139506101608
D14 D1;0.382;0.7848495483398438;0.0764000015258789;0.18;1.5768883056640626;0.45;0.0;0.06515488028526306
D15 6P;0.457257080078125;0.490485107421875;0.14110000610351564;0.18;0.0;0.45;0.0;0.06666672229766846
D16 6P;0.5907999877929687;1.0728984375;0.1181999969482422;0.18;1.5692762451171876;0.45;0.0;0.06666752696037292
D17 6P;0.41310223388671874;0.5160507202148438;0.12240000915527344;0.18;0.03218873977661133;0.45;0.0;0.06666680425405502
D18 10P;0.6970646362304688;0.9165460205078125;0.23390000915527345;0.3;0.0;0.75;0.0;0.11111024022102356
D19 15P;1.333800048828125;2.34634765625;0.2668000183105469;0.45;1.5867552490234376;1.125;0.0;0.16666485369205475
D2 Office;2.1157805175781252;0.7909121704101563;0.4099200134277344;0.1575;0.0;0.1575;0.0;0.024918068200349808
D20 12P;1.2285999755859376;3.479207275390625;0.24569999694824218;1.29;1.6719962158203125;3.225;0.0;0.4777754545211792
D3 6P;0.6326000366210938;1.1879974365234376;0.12650000762939453;0.18;2.454240966796875;0.45;0.0;0.06434104591608047
D4 12P;0.753013427734375;0.8659719848632813;0.24939999389648437;0.36;0.0;0.9;0.0;0.1333325207233429
D5 8P;0.820300048828125;1.3783465576171876;0.1641000213623047;0.24;4.82237109375;0.6;0.0;0.08664566278457642
D6 6P;0.687699951171875;1.2082322998046875;0.13750001525878908;0.18;1.68097265625;0.45;0.0;0.0655118077993393
D7 6P;0.47453903198242187;0.5048077392578125;0.1485;0.18;0.0011550649404525758;0.45;0.0;0.06666669249534607
D8 12P;0.7459595336914062;0.9772070922851562;0.24939999389648437;0.36;0.0;0.9;0.0;0.13333317637443542
D9 8P;0.5080565795898437;0.6562622680664063;0.17230001831054687;0.24;7.870959490537643e-05;0.6;0.0;0.08888857811689377
C-FO0101 Foyer;13.0044013671875;11.065744140625;0.7802999877929687;0.963;14.948625;9.0;0.0;1.2426564693450928
A-GA0105 Gang;5.2242001953125;5.2242001953125;0.2508000030517578;0.19809999084472657;10.3896220703125;0.315;0.0;0.03761609271168709
A-GA0101 Gang;0.2033190155029297;0.0;0.0;0.0;0.07925706481933593;0.0;0.0;0.0
A-GA010001 Gang;4.3980126953125005;3.30894140625;0.2263199920654297;0.1763999938964844;2.79364404296875;0.2625;0.0;0.03716856986284256
D-GA0003 Gang;5.39389990234375;5.39389990234375;0.25887997436523436;0.20580001831054687;7.60452587890625;0.315;0.0;0.03639025241136551
D-GA0004 Gang;6.1288999023437505;5.28876318359375;0.29416000366210937;0.23869998168945314;5.8274267578125;0.3675;0.0;0.04975811392068863
D-GA0002 Gang;0.39564065551757815;0.0;0.0;0.0;0.010069071769714355;0.0;0.0;0.0
